Epoch,Train_Loss,Val_MSE_Norm,Val_Real_MAE,LR
1,1.0291146337985992,1.0103768706321716,0.066612109541893,1.4999999999999998e-06
2,1.0232236484686534,1.0133119225502014,0.06650666147470474,2.9999999999999997e-06
3,0.9872040549914042,1.017524093389511,0.06644466519355774,4.499999999999999e-06
4,1.0083015660444896,1.0159828066825867,0.06637000665068626,5.999999999999999e-06
5,1.0192031065622966,1.0223612189292908,0.0665595792233944,7.499999999999999e-06
6,0.9981265664100647,1.0188649594783783,0.0663200207054615,8.999999999999999e-06
7,1.0136285722255707,1.0189871191978455,0.0662032812833786,1.05e-05
8,0.9746924340724945,1.0225941240787506,0.0662837065756321,1.1999999999999999e-05
9,1.0478009283542633,1.0254936814308167,0.06635604798793793,1.3499999999999998e-05
10,1.032816211382548,1.0264427363872528,0.06638896092772484,1.4999999999999999e-05
11,1.0369483729203541,1.0239611268043518,0.06634164229035378,1.6499999999999998e-05
12,0.9765939513842264,1.0231191217899323,0.06631170213222504,1.7999999999999997e-05
13,0.9850017726421356,1.024628072977066,0.0663464404642582,1.95e-05
14,1.0072188079357147,1.0264483094215393,0.06640404462814331,2.1e-05
15,0.9925138354301453,1.0254800617694855,0.06637517362833023,2.2499999999999998e-05
16,1.0149122873942058,1.025689274072647,0.06639795005321503,2.3999999999999997e-05
17,1.0238787333170574,1.021231323480606,0.06629839166998863,2.55e-05
18,0.9745318988958994,1.0183656215667725,0.06624225899577141,2.6999999999999996e-05
19,1.0018181304136913,1.0172772109508514,0.06622052565217018,2.8499999999999998e-05
20,0.9955898026625315,1.0165491700172424,0.06621180102229118,2.9999999999999997e-05
21,1.0213386714458466,1.0183983743190765,0.06625484302639961,3.149999999999999e-05
22,0.974335660537084,1.019996017217636,0.06630108505487442,3.2999999999999996e-05
23,1.0189711352189381,1.0173934698104858,0.06621621921658516,3.45e-05
24,0.9677579402923584,1.0180417895317078,0.066239845007658,3.5999999999999994e-05
25,1.0384670495986938,1.0150656700134277,0.06615127623081207,3.75e-05
26,1.021802395582199,1.0144520699977875,0.06611814722418785,3.9e-05
27,0.9941164255142212,1.0144331753253937,0.06611186638474464,4.05e-05
28,0.9723893105983734,1.0119654536247253,0.06604437530040741,4.2e-05
29,1.0002604524294536,1.0101920366287231,0.06598144769668579,4.3499999999999993e-05
30,0.9953018724918365,1.0108736455440521,0.0660063587129116,4.4999999999999996e-05
31,0.9201542139053345,1.0099383294582367,0.06597186997532845,4.65e-05
32,0.9525702198346456,1.0098164975643158,0.06594519689679146,4.7999999999999994e-05
33,0.9427477518717448,1.0075939893722534,0.06586278975009918,4.95e-05
34,0.9623511135578156,1.0043692290782928,0.06575733795762062,5.1e-05
35,0.9965284764766693,1.0013841390609741,0.06565092504024506,5.2499999999999995e-05
36,0.9993315835793813,0.9995887875556946,0.0655503086745739,5.399999999999999e-05
37,0.9471691846847534,0.9952466785907745,0.06539463624358177,5.5499999999999994e-05
38,1.0124379396438599,0.9938832819461823,0.06525762751698494,5.6999999999999996e-05
39,0.9535444378852844,0.9909091591835022,0.06508956849575043,5.85e-05
40,1.0122780700524647,0.985714465379715,0.0648479014635086,5.9999999999999995e-05
41,0.9847531020641327,0.9748111367225647,0.0644686259329319,6.149999999999999e-05
42,0.9500091075897217,0.9703394174575806,0.06422742456197739,6.299999999999999e-05
43,0.9620072344938914,0.9612424671649933,0.06389117613434792,6.45e-05
44,0.9814742902914683,0.9574942886829376,0.06378162279725075,6.599999999999999e-05
45,0.9850409428278605,0.9479290246963501,0.06340579129755497,6.75e-05
46,0.9082503318786621,0.9392537772655487,0.0630541443824768,6.9e-05
47,0.961834321419398,0.9294539988040924,0.06268368661403656,7.049999999999999e-05
48,0.9161891142527262,0.9218648672103882,0.06235709972679615,7.199999999999999e-05
49,0.9262927869955698,0.9154355525970459,0.062116337940096855,7.35e-05
50,0.9538209935029348,0.9142047464847565,0.06208701990544796,7.5e-05
51,0.964272270600001,0.9002121090888977,0.061386533081531525,7.649999999999999e-05
52,0.9512986342112223,0.8845022916793823,0.06053972244262695,7.8e-05
53,0.9334942003091177,0.876889705657959,0.06016050465404987,7.95e-05
54,0.9374968608220419,0.8602015376091003,0.05941869504749775,8.1e-05
55,0.9256918629010519,0.8499972820281982,0.058994775637984276,8.25e-05
56,0.9078289469083151,0.8454811275005341,0.05889026075601578,8.4e-05
57,0.9345556000868479,0.8345766663551331,0.05831079185009003,8.549999999999999e-05
58,0.9199601213137308,0.8296008706092834,0.058059586212038994,8.699999999999999e-05
59,0.8747779031594595,0.8233289420604706,0.05769532360136509,8.849999999999998e-05
60,0.9006023208300272,0.8293096423149109,0.058112943544983864,8.999999999999999e-05
61,0.9298098186651865,0.8389636278152466,0.05863660201430321,9.149999999999999e-05
62,0.8939032951990763,0.8561181128025055,0.059469616040587425,9.3e-05
63,0.9333650966485342,0.8355107307434082,0.058516161516308784,9.449999999999999e-05
64,0.9244351784388224,0.8164879977703094,0.05754140205681324,9.599999999999999e-05
65,0.845691978931427,0.8255682289600372,0.057918084785342216,9.75e-05
66,0.9031933844089508,0.8682969510555267,0.05958576686680317,9.9e-05
67,0.8659898738066355,0.8670734167098999,0.05952184088528156,0.0001005
68,0.8968324959278107,0.8327421247959137,0.058184703812003136,0.000102
69,0.8508247236410776,0.8287870287895203,0.057622648775577545,0.00010349999999999998
70,0.9071221450964609,0.8448694348335266,0.05816930904984474,0.00010499999999999999
71,0.8901976048946381,0.8787141442298889,0.059993043541908264,0.00010649999999999999
72,0.8710494935512543,0.8799437582492828,0.06014622561633587,0.00010799999999999998
73,0.8861237466335297,0.8825403451919556,0.05963947810232639,0.00010949999999999999
74,0.8917198578516642,0.85502490401268,0.05828987993299961,0.00011099999999999999
75,0.8476804991563162,0.9073402583599091,0.06056268513202667,0.0001125
76,0.8719328244527181,0.9092172384262085,0.06079912185668945,0.00011399999999999999
77,0.8737900952498118,0.9426705539226532,0.0625769030302763,0.00011549999999999999
78,0.8540080686410269,0.9504817426204681,0.062433889135718346,0.000117
79,0.8768165707588196,0.9050803482532501,0.06115447171032429,0.0001185
80,0.8425676922003428,0.8919616639614105,0.06043410860002041,0.00011999999999999999
81,0.8585093319416046,0.9230456054210663,0.06201936677098274,0.0001215
82,0.8562769989172617,0.9346705675125122,0.06264981627464294,0.00012299999999999998
83,0.7813341120878855,0.8889858424663544,0.06077203527092934,0.0001245
84,0.8473964035511017,0.8809444606304169,0.06122991070151329,0.00012599999999999997
85,0.8372862040996552,0.9294120967388153,0.06201673299074173,0.00012749999999999998
86,0.8431446154912313,1.0053453743457794,0.06439378671348095,0.000129
87,0.8533089111248652,0.9937647879123688,0.06326089426875114,0.0001305
88,0.8322379340728124,1.0681221783161163,0.06561556831002235,0.00013199999999999998
89,0.7999353011449178,0.9361126124858856,0.06112121418118477,0.0001335
90,0.818031907081604,0.9015443623065948,0.06139710731804371,0.000135
91,0.7964591880639394,0.946543425321579,0.06324381195008755,0.00013649999999999998
92,0.8550916512807211,0.8940036296844482,0.06085949391126633,0.000138
93,0.7823399702707926,0.9324063062667847,0.06213887594640255,0.0001395
94,0.7541446089744568,1.0281233489513397,0.06383611634373665,0.00014099999999999998
95,0.8015422026316324,1.096087396144867,0.06636270508170128,0.0001425
96,0.7972520887851715,1.019420176744461,0.06295834481716156,0.00014399999999999998
97,0.8206502348184586,1.1044344305992126,0.06607677787542343,0.00014549999999999999
98,0.7735849718252817,1.1277992129325867,0.06748226657509804,0.000147
99,0.7619363963603973,1.1262668371200562,0.06679609417915344,0.00014849999999999998
100,0.8036118547121683,1.1198811531066895,0.06637449190020561,0.00015
101,0.7941622237364451,1.0599613189697266,0.06481213495135307,0.0001515
102,0.7688888261715571,1.091088891029358,0.06516968831419945,0.00015299999999999998
103,0.7038456896940867,1.4943234324455261,0.07962632924318314,0.0001545
104,0.801364411910375,1.294505774974823,0.07250113785266876,0.000156
105,0.7286477784315745,0.9887926876544952,0.06200181879103184,0.00015749999999999998
106,0.7909122506777445,1.0935522317886353,0.06502484530210495,0.000159
107,0.7627320090929667,1.075972557067871,0.06400743126869202,0.0001605
108,0.7635994652907053,1.0463470816612244,0.06366068124771118,0.000162
109,0.728481779495875,1.0411332845687866,0.06469867378473282,0.0001635
110,0.7496568461259207,1.1538143157958984,0.06714208051562309,0.000165
111,0.686203251282374,1.2086651921272278,0.06842465326189995,0.0001665
112,0.766910140713056,1.1035020351409912,0.06528965756297112,0.000168
113,0.7769321302572886,1.0156698822975159,0.0625777468085289,0.00016949999999999997
114,0.7451787690321604,1.1380266547203064,0.06595814228057861,0.00017099999999999998
115,0.7396485110123953,1.1172717213630676,0.06576640158891678,0.00017249999999999996
116,0.7186528543631235,1.1489798426628113,0.06783896684646606,0.00017399999999999997
117,0.6954427709182104,1.1950017213821411,0.06913271173834801,0.00017549999999999998
118,0.7198184629281362,1.0668054819107056,0.06527913361787796,0.00017699999999999997
119,0.749297688404719,1.0764772295951843,0.06458243727684021,0.00017849999999999997
120,0.6646257489919662,1.0640735626220703,0.06496763974428177,0.00017999999999999998
121,0.6900485654671987,1.0903984308242798,0.06532708927989006,0.00018149999999999997
122,0.7323854366938273,1.2065777778625488,0.06863367557525635,0.00018299999999999998
123,0.7120406925678253,1.062953233718872,0.06422632560133934,0.00018449999999999999
124,0.7222894430160522,1.2022815942764282,0.06868358328938484,0.000186
125,0.6935377816359202,1.3901305198669434,0.07416986301541328,0.00018749999999999998
126,0.6746083249648412,1.5339075326919556,0.07975520566105843,0.00018899999999999999
127,0.7019898841778437,1.2544042468070984,0.07054298743605614,0.0001905
128,0.7031472871700922,1.3865705132484436,0.07387690991163254,0.00019199999999999998
129,0.66036656498909,1.1896851658821106,0.06807169690728188,0.0001935
130,0.6516563296318054,1.3630310893058777,0.0729241631925106,0.000195
131,0.6815419594446818,1.1645876169204712,0.06696566194295883,0.00019649999999999998
132,0.6563322345415751,1.1651614904403687,0.06592700630426407,0.000198
133,0.6843781669934591,1.2378737926483154,0.06833109259605408,0.0001995
134,0.7102856238683065,1.287972331047058,0.0690150111913681,0.000201
135,0.6386481722195944,1.4751394391059875,0.07464370876550674,0.0002025
136,0.6518036226431528,1.545466959476471,0.07978739961981773,0.000204
137,0.6621714532375336,1.0878987312316895,0.06589842587709427,0.0002055
138,0.6628166337807974,1.2179927825927734,0.06856296956539154,0.00020699999999999996
139,0.6099198510249456,1.2576297521591187,0.068308986723423,0.00020849999999999997
140,0.6240869561831156,1.2502135038375854,0.06847087666392326,0.00020999999999999998
141,0.6691487928231558,1.2552656531333923,0.06923540309071541,0.00021149999999999996
142,0.6650828371445338,1.0478076934814453,0.06454243510961533,0.00021299999999999997
143,0.6702936391035715,1.123928189277649,0.06667709350585938,0.00021449999999999998
144,0.6474244793256124,1.1570695638656616,0.06895125657320023,0.00021599999999999996
145,0.6312728176514307,1.0375977456569672,0.06507936120033264,0.00021749999999999997
146,0.6774680415789286,1.0637618601322174,0.06569605693221092,0.00021899999999999998
147,0.6836346785227457,1.1135086417198181,0.06736631318926811,0.00022049999999999997
148,0.6461403369903564,1.0722493827342987,0.06507937610149384,0.00022199999999999998
149,0.5754659622907639,1.2461156845092773,0.06992748379707336,0.00022349999999999998
150,0.620641827583313,1.252246379852295,0.0702664740383625,0.000225
151,0.6178285529216131,1.2556394934654236,0.07156180217862129,0.00022649999999999998
152,0.6257931192715963,1.1084919571876526,0.06635862961411476,0.00022799999999999999
153,0.569394439458847,1.3881100416183472,0.08013131469488144,0.0002295
154,0.5796220401922861,1.2431532144546509,0.07382144778966904,0.00023099999999999998
155,0.67384139696757,1.076863944530487,0.06510190293192863,0.00023249999999999999
156,0.5754995544751486,1.254952609539032,0.06931348145008087,0.000234
157,0.5565503189961115,1.8985331058502197,0.09140055626630783,0.00023549999999999998
158,0.61602982878685,1.140236258506775,0.06753836572170258,0.000237
159,0.6226474195718765,1.1538609862327576,0.0681845024228096,0.0002385
160,0.5779329985380173,1.1410024762153625,0.0663352981209755,0.00023999999999999998
161,0.572801431020101,1.1696689128875732,0.06963389366865158,0.0002415
162,0.6260980616013209,1.1402356624603271,0.06841126084327698,0.000243
163,0.5718501557906469,1.207120954990387,0.07002178207039833,0.0002445
164,0.5740631719430288,1.1421254873275757,0.06787152215838432,0.00024599999999999996
165,0.5830419013897578,1.071735143661499,0.06527099013328552,0.00024749999999999994
166,0.5904063036044439,0.9515292346477509,0.06246987357735634,0.000249
167,0.5418634663025538,1.0387472212314606,0.06488940492272377,0.00025049999999999996
168,0.5264821797609329,1.1411630511283875,0.06775707751512527,0.00025199999999999995
169,0.5627226332823435,1.0906688570976257,0.06608311831951141,0.0002535
170,0.5461907436450323,1.0681378245353699,0.06488283723592758,0.00025499999999999996
171,0.5223031044006348,1.133506953716278,0.06647317856550217,0.00025649999999999995
172,0.581600546836853,1.1112391352653503,0.06675561890006065,0.000258
173,0.5740971118211746,1.1844790577888489,0.0695938803255558,0.00025949999999999997
174,0.596501295765241,0.9730042815208435,0.06371716037392616,0.000261
175,0.6346426606178284,1.0548239648342133,0.06579558737576008,0.0002625
176,0.6075193484624227,1.1210689544677734,0.06704187765717506,0.00026399999999999997
177,0.5715865592161814,1.0761069655418396,0.0654221624135971,0.0002655
178,0.5393515626589457,1.2948415875434875,0.07162289693951607,0.000267
179,0.5368332316478094,1.3828923106193542,0.07212086766958237,0.00026849999999999997
180,0.558801531791687,1.2462502717971802,0.06910582259297371,0.00027
181,0.5592684050401052,1.3297892808914185,0.0738229900598526,0.0002715
182,0.5497742692629496,1.1989756226539612,0.0681416466832161,0.00027299999999999997
183,0.543251613775889,1.1293889880180359,0.0662710890173912,0.0002745
184,0.557065357764562,1.2019043564796448,0.06985896453261375,0.000276
185,0.5734156668186188,1.2344656586647034,0.06804618239402771,0.00027749999999999997
186,0.5435665349165598,1.5270081758499146,0.07670703902840614,0.000279
187,0.5260979582866033,1.123922884464264,0.06712766364216805,0.0002805
188,0.5788718660672506,1.2229496836662292,0.06957270950078964,0.00028199999999999997
189,0.5278499176104864,1.1704983711242676,0.06706458330154419,0.00028349999999999995
190,0.4552292227745056,1.1878610253334045,0.07039230316877365,0.000285
191,0.5263951768477758,1.047048032283783,0.06503013148903847,0.00028649999999999997
192,0.5894044935703278,1.0811125040054321,0.0663762092590332,0.00028799999999999995
193,0.5923429578542709,1.1378204822540283,0.06693171337246895,0.0002895
194,0.5803797443707784,1.2099749445915222,0.06893590092658997,0.00029099999999999997
195,0.5582927167415619,1.286667287349701,0.07027412578463554,0.00029249999999999995
196,0.6156814495722452,1.2954365015029907,0.07030869275331497,0.000294
197,0.5610762884219488,1.282667338848114,0.0682162269949913,0.00029549999999999997
198,0.5107231189807256,1.327311933040619,0.07223744317889214,0.00029699999999999996
199,0.5600161701440811,1.1908944845199585,0.06731365993618965,0.0002985
200,0.49867918093999225,1.293524444103241,0.06875841692090034,0.0003
201,0.5391822109619776,1.2037983536720276,0.07165930420160294,0.0002999997722985365
202,0.529521202047666,1.0617333352565765,0.06482302397489548,0.0002999990891948396
203,0.49208852648735046,1.0741009712219238,0.06444379314780235,0.00029999795069099027
204,0.5142974158128103,1.0735628604888916,0.0642678253352642,0.00029999635679045647
205,0.5308816532293955,1.137695461511612,0.06632758677005768,0.00029999430749809354
206,0.6386372447013855,1.7379971742630005,0.08095607161521912,0.000299991802820144
207,0.6675479710102081,1.483577013015747,0.07388010993599892,0.0002999888427642375
208,0.5840806365013123,1.2842140197753906,0.0725279301404953,0.00029998542733939093
209,0.6177308410406113,1.4244260787963867,0.0765150785446167,0.00029998155655600826
210,0.6037532091140747,1.5906870365142822,0.08264926820993423,0.00029997723042588046
211,0.5734232018391291,1.7496270537376404,0.08715448901057243,0.0002999724489621858
212,0.5195259501536688,1.4179028272628784,0.07427419722080231,0.00029996721217948936
213,0.5150836408138275,1.254203200340271,0.07067577913403511,0.00029996152009374336
214,0.5752304196357727,1.2093072533607483,0.06919839233160019,0.00029995537272228687
215,0.5327891459067663,1.0307524800300598,0.0642373077571392,0.0002999487700838458
216,0.5424314141273499,1.443423569202423,0.0749552845954895,0.0002999417121985329
217,0.5429450968901316,1.1461033821105957,0.0669553205370903,0.0002999341990878479
218,0.5015250990788142,1.168864369392395,0.0675952322781086,0.0002999262307746768
219,0.4859445293744405,1.0812344253063202,0.06634518131613731,0.0002999178072832927
220,0.4565206269423167,1.1607144474983215,0.06887586414813995,0.0002999089286393548
221,0.5193277398745219,1.271591067314148,0.070156030356884,0.00029989959486990904
222,0.4737267742554347,1.1290202140808105,0.06905984878540039,0.0002998898060033878
223,0.4677108774582545,1.018973559141159,0.06674902886152267,0.0002998795620696096
224,0.5147674381732941,1.1548169255256653,0.06787698343396187,0.0002998688630997793
225,0.511154517531395,1.1465176939964294,0.06771427765488625,0.0002998577091264877
226,0.4787767082452774,1.0532562732696533,0.06615004688501358,0.00029984610018371185
227,0.5305748879909515,1.0466809272766113,0.0645052120089531,0.0002998340363068145
228,0.47485655546188354,1.120140254497528,0.06674541160464287,0.00029982151753254435
229,0.4904304693142573,1.2186431884765625,0.06918961182236671,0.0002998085438990358
230,0.48407795031865436,1.217402458190918,0.06848789379000664,0.00029979511544580873
231,0.4470559358596802,1.2690264582633972,0.0697985365986824,0.0002997812322137686
232,0.4933263460795085,1.1408785581588745,0.06709273532032967,0.0002997668942452061
233,0.46258623401323956,1.046017050743103,0.06465134397149086,0.0002997521015837972
234,0.48749202986558277,1.2741637229919434,0.06885814294219017,0.0002997368542746029
235,0.44728679955005646,1.307307243347168,0.07139292359352112,0.0002997211523640691
236,0.4613366524378459,1.1003958582878113,0.06555432453751564,0.0002997049959000266
237,0.4505782077709834,1.2190185189247131,0.06765742599964142,0.00029968838493169074
238,0.4951328883568446,1.5045759081840515,0.0747256651520729,0.00029967131950966146
239,0.4851190199454625,1.6447346210479736,0.07640434056520462,0.000299653799685923
240,0.5063058535257975,1.508646845817566,0.07380109280347824,0.00029963582551384367
241,0.483504851659139,1.4899147152900696,0.07261770591139793,0.0002996173970481761
242,0.5086042682329813,1.8969286680221558,0.08006953075528145,0.00029959851434505644
243,0.6043185989061991,1.2395851612091064,0.0690026544034481,0.0002995791774620048
244,0.5747812191645304,0.9471032917499542,0.06263435818254948,0.00029955938645792455
245,0.6189501235882441,1.076550543308258,0.06652596965432167,0.0002995391413931026
246,0.5870822072029114,1.1615522503852844,0.0697302296757698,0.00029951844232920893
247,0.5415968000888824,1.1344944834709167,0.06855466216802597,0.00029949728932929644
248,0.5266580681006113,1.1258293390274048,0.0678953044116497,0.0002994756824578009
249,0.5356167952219645,1.1796937584877014,0.06921388953924179,0.00029945362178054045
250,0.48306020597616833,1.1267538666725159,0.06781668961048126,0.0002994311073647159
251,0.4998266448577245,1.1346388459205627,0.06740246340632439,0.00029940813927891005
252,0.4920388360818227,1.080492377281189,0.06615511327981949,0.0002993847175930875
253,0.4338108350833257,1.1317301392555237,0.06753268092870712,0.000299360842378595
254,0.492804820338885,1.2780441045761108,0.07238493114709854,0.0002993365137081604
255,0.519603098432223,1.2418171763420105,0.06992980092763901,0.00029931173165589323
256,0.4936081866423289,1.3189911842346191,0.07278484106063843,0.0002992864962972837
257,0.4807707568009694,1.5711630582809448,0.08121757581830025,0.0002992608077092033
258,0.4308817684650421,1.2839849591255188,0.07292075455188751,0.00029923466596990385
259,0.466448242465655,1.3430695533752441,0.07418058812618256,0.0002992080711590175
260,0.5052641977866491,1.0982528328895569,0.06708726286888123,0.0002991810233575568
261,0.4322477380434672,1.1007131338119507,0.06605590879917145,0.00029915352264791407
262,0.4439568469921748,1.2063043117523193,0.06854690238833427,0.00029912556911386115
263,0.42104263603687286,1.2789320945739746,0.07206078991293907,0.0002990971628405494
264,0.44915367662906647,1.0966019034385681,0.0663747489452362,0.0002990683039145091
265,0.4486415535211563,1.0609852075576782,0.06612090393900871,0.00029903899242364983
266,0.4194899300734202,1.3544847965240479,0.07284878566861153,0.0002990092284572592
267,0.4583768844604492,1.2191784381866455,0.06900164484977722,0.00029897901210600364
268,0.4719765434662501,1.091356635093689,0.06624998897314072,0.00029894834346192725
269,0.45671867330869037,1.154968798160553,0.06732859462499619,0.0002989172226184521
270,0.4589191327492396,1.1646068692207336,0.06761182099580765,0.00029888564967037764
271,0.4600858936707179,1.1102734804153442,0.06725772470235825,0.0002988536247138805
272,0.43684688707192737,1.2132689952850342,0.06778322532773018,0.00029882114784651444
273,0.44123968482017517,1.2458900809288025,0.06879044324159622,0.0002987882191672094
274,0.398167351881663,1.1517552733421326,0.06675214692950249,0.000298754838776272
275,0.41355573137601215,1.1084395051002502,0.06595402583479881,0.0002987210067753846
276,0.4367721875508626,1.1703128814697266,0.06773621216416359,0.00029868672326760547
277,0.39970681071281433,1.2649829387664795,0.06908939406275749,0.000298651988357368
278,0.432651753226916,1.4824365377426147,0.07533187419176102,0.0002986168021504808
279,0.4138886382182439,1.245848298072815,0.06925255060195923,0.00029858116475412714
280,0.4282066027323405,1.1852807402610779,0.06787984073162079,0.00029854507627686476
281,0.43881618479887646,1.2558977603912354,0.06812214106321335,0.00029850853682862534
282,0.4134482592344284,1.1803325414657593,0.06663009151816368,0.0002984715465207144
283,0.4028676400581996,1.1654092073440552,0.0676019936800003,0.0002984341054658109
284,0.4424419353405635,1.1010798215866089,0.0658937357366085,0.00029839621377796677
285,0.41635916630427044,1.1724556684494019,0.06834506615996361,0.00029835787157260653
286,0.3766847799221675,1.2238267064094543,0.06882830336689949,0.00029831907896652734
287,0.41314629713694256,1.1690728068351746,0.06749562919139862,0.00029827983607789814
288,0.43365474541982013,1.187091886997223,0.06870881468057632,0.00029824014302625964
289,0.39108404517173767,1.1833613514900208,0.06741785630583763,0.00029819999993252363
290,0.4334608018398285,1.2683711647987366,0.0702650360763073,0.00029815940691897306
291,0.4563253273566564,1.256523847579956,0.06949997320771217,0.00029811836410926124
292,0.47423917551835376,1.1680033802986145,0.06824778765439987,0.0002980768716284117
293,0.44968752066294354,1.225783348083496,0.069870725274086,0.00029803492960281766
294,0.4275721510251363,1.171032190322876,0.06892431899905205,0.0002979925381602419
295,0.4049339642127355,1.1603851914405823,0.06891213357448578,0.0002979496974298161
296,0.3818712383508682,1.224169909954071,0.07071143761277199,0.00029790640754204044
297,0.43613528708616894,1.1859654188156128,0.06991804391145706,0.00029786266862878355
298,0.41705139478047687,1.1189026832580566,0.0667843334376812,0.0002978184808232818
299,0.3934324085712433,1.2852391004562378,0.07189590856432915,0.00029777384426013867
300,0.38258954385916394,1.1906617879867554,0.0693368948996067,0.0002977287590753251
301,0.40329552193482715,1.1654453873634338,0.0700589157640934,0.00029768322540617824
302,0.3733254373073578,1.1943930983543396,0.07158175483345985,0.0002976372433914016
303,0.3713826835155487,1.1405242085456848,0.06790914386510849,0.0002975908131710644
304,0.38590962688128155,1.2116512656211853,0.06931023672223091,0.0002975439348866012
305,0.4173620988925298,1.255708932876587,0.0704132430255413,0.0002974966086808112
306,0.4107184459765752,1.318745493888855,0.07294753938913345,0.0002974488346978583
307,0.36092037459214527,1.133263349533081,0.06799033284187317,0.0002974006130832704
308,0.3605049302180608,1.203335464000702,0.06967028602957726,0.00029735194398393893
309,0.46996447443962097,1.1312925815582275,0.06750267371535301,0.0002973028275481183
310,0.40504591663678485,1.2051382660865784,0.06931312754750252,0.0002972532639254257
311,0.37718211114406586,1.3291701078414917,0.07192354649305344,0.0002972032532668406
312,0.34367071588834125,1.311165452003479,0.0723353773355484,0.0002971527957247041
313,0.4033193439245224,1.2687833905220032,0.07112160325050354,0.0002971018914527186
314,0.3717452436685562,1.2265969514846802,0.06890042498707771,0.0002970505406059474
315,0.3492695192495982,1.1369152665138245,0.06681325286626816,0.000296998743340814
316,0.3696790511409442,1.1147305369377136,0.06727023795247078,0.0002969464998151019
317,0.3856042226155599,1.2094670534133911,0.06841268390417099,0.00029689381018795395
318,0.399338665107886,1.1869362592697144,0.06831327453255653,0.0002968406746198719
319,0.4083203077316284,1.130146563053131,0.06804211810231209,0.00029678709327271585
320,0.436460221807162,1.1401673555374146,0.0681825652718544,0.0002967330663097039
321,0.4286508411169052,1.1710525155067444,0.06935501843690872,0.00029667859389541156
322,0.4428921987613042,1.0787416100502014,0.06647102907299995,0.00029662367619577134
323,0.419359748562177,1.0504584908485413,0.0654808059334755,0.0002965683133780719
324,0.42223623891671497,1.1536057591438293,0.06736372411251068,0.00029651250561095807
325,0.41461420555909473,1.2027019262313843,0.06854784488677979,0.00029645625306443
326,0.41979868710041046,1.2489951252937317,0.07055741921067238,0.0002963995559098427
327,0.38603174686431885,1.1220512986183167,0.06634840369224548,0.00029634241431990554
328,0.3665100733439128,1.1388531923294067,0.06562142446637154,0.0002962848284686817
329,0.3862773875395457,1.22701758146286,0.07013939693570137,0.0002962267985315876
330,0.3767080456018448,1.2094461917877197,0.06769128516316414,0.00029616832468539264
331,0.3789034237464269,1.2278227806091309,0.06776925548911095,0.0002961094071082182
332,0.41102101902167004,1.2281194925308228,0.06830355152487755,0.0002960500459795374
333,0.37749571601549786,1.1746880412101746,0.06969687715172768,0.00029599024148017466
334,0.3850002686182658,1.2074267268180847,0.06839027628302574,0.0002959299937923048
335,0.4423267642656962,1.1666549444198608,0.06691988930106163,0.00029586930309945264
336,0.3949401726325353,1.1469738483428955,0.06712667271494865,0.0002958081695864927
337,0.4094916631778081,1.245978832244873,0.06910431012511253,0.00029574659343964806
338,0.3677992324034373,1.2639277577400208,0.06887928023934364,0.00029568457484649056
339,0.3665533314148585,1.1662899255752563,0.06757620349526405,0.0002956221139959395
340,0.34563427170117694,1.1892126202583313,0.06729530170559883,0.0002955592110782614
341,0.3435395707686742,1.1805548667907715,0.06775634735822678,0.0002954958662850696
342,0.3854152162869771,1.1930771470069885,0.06794347614049911,0.00029543207980932325
343,0.3193378647168477,1.1216330528259277,0.06424238532781601,0.00029536785184532696
344,0.3052201171716054,1.0871601700782776,0.06349432468414307,0.00029530318258873034
345,0.3279898365338643,1.239092230796814,0.06731393560767174,0.00029523807223652706
346,0.3686673889557521,1.3103866577148438,0.07026472687721252,0.00029517252098705467
347,0.3612207720677058,1.4199880361557007,0.07058534026145935,0.00029510652903999357
348,0.37098225951194763,1.1861556768417358,0.0668004285544157,0.00029504009659636664
349,0.35379790763060254,1.1593456864356995,0.06729967892169952,0.0002949732238585387
350,0.3477916369835536,1.1782299280166626,0.06829623505473137,0.00029490591103021566
351,0.33583345512549084,1.141358733177185,0.06602508574724197,0.0002948381583164441
352,0.3278074562549591,1.2172351479530334,0.06774920970201492,0.00029476996592361053
353,0.33294034997622174,1.230558693408966,0.06791318580508232,0.0002947013340594408
354,0.36804963151613873,1.2381016612052917,0.06807050853967667,0.00029463226293299945
355,0.32477860649426776,1.2475340962409973,0.06773751229047775,0.0002945627527546891
356,0.39268923302491504,1.3601428270339966,0.0708259642124176,0.0002944928037362499
357,0.320552721619606,1.2115179896354675,0.06988486647605896,0.00029442241609075855
358,0.4105970710515976,1.2064882516860962,0.07075357809662819,0.00029435159003262816
359,0.35937929650147754,1.2042319774627686,0.06850722804665565,0.00029428032577760705
360,0.31405190626780194,1.1052623391151428,0.06582748144865036,0.0002942086235427787
361,0.34027199447155,1.2551905512809753,0.06926950067281723,0.00029413648354656034
362,0.35187866787115735,1.2098044753074646,0.06839670240879059,0.00029406390600870296
363,0.31673740843931836,1.2772883772850037,0.0695892833173275,0.00029399089115029044
364,0.30593809733788174,1.2469826340675354,0.06920100376009941,0.00029391743919373855
365,0.3260437498490016,1.1974044442176819,0.06799791753292084,0.00029384355036279485
366,0.3206493904193242,1.25706547498703,0.0684395395219326,0.0002937692248825374
367,0.3316894719998042,1.2932565212249756,0.06911129131913185,0.00029369446297937456
368,0.33901648223400116,1.1582610607147217,0.06663143262267113,0.00029361926488104403
369,0.34259070207675296,1.185480773448944,0.0670693852007389,0.0002935436308166123
370,0.327429195245107,1.2528107166290283,0.06859474629163742,0.0002934675610164738
371,0.3280299852291743,1.0654118061065674,0.06453600153326988,0.0002933910557123503
372,0.333971232175827,1.0966344475746155,0.06612702086567879,0.0002933141151372903
373,0.29454899330933887,1.066956341266632,0.06693894416093826,0.00029323673952566824
374,0.32137802243232727,1.1240490078926086,0.06725754961371422,0.0002931589291131834
375,0.3086668799320857,1.0881800651550293,0.0676131509244442,0.0002930806841368599
376,0.33841651678085327,1.067979633808136,0.0643325112760067,0.00029300200483504556
377,0.39707284172375995,1.0843380093574524,0.06488388031721115,0.0002929228914474111
378,0.3207986479004224,1.253015160560608,0.06777384504675865,0.0002928433442149497
379,0.3767905036608378,1.0990053415298462,0.06564943864941597,0.000292763363379976
380,0.3397558505336444,1.2389801740646362,0.0684690810739994,0.0002926829491861254
381,0.3949223905801773,1.0363838076591492,0.06419426202774048,0.0002926021018783536
382,0.36347073316574097,1.100951611995697,0.06523579731583595,0.0002925208217029355
383,0.35336754967768985,1.1455982327461243,0.06628723815083504,0.0002924391089074646
384,0.3192055473725001,1.0822238326072693,0.06632919609546661,0.0002923569637408522
385,0.3275926460822423,1.152091383934021,0.06759258732199669,0.0002922743864533268
386,0.31968096892038983,1.11989164352417,0.06537217274308205,0.00029219137729643305
387,0.3008645971616109,1.1372801661491394,0.06741667911410332,0.0002921079365230313
388,0.3492085089286168,1.1444926857948303,0.06722759827971458,0.0002920240643872966
389,0.321751927336057,1.229452908039093,0.06791310384869576,0.000291939761144718
390,0.3336755707859993,1.1413078308105469,0.06541519612073898,0.00029185502705209786
391,0.3071391781171163,1.1465087532997131,0.06650577485561371,0.00029176986236755084
392,0.3218773156404495,1.2787829041481018,0.07161442935466766,0.0002916842673505034
393,0.333360455930233,1.296751081943512,0.06940517202019691,0.0002915982422616928
394,0.3050798128048579,1.27230304479599,0.06883415579795837,0.0002915117873631663
395,0.2757658412059148,1.3015157580375671,0.07041849941015244,0.00029142490291828065
396,0.31261209150155383,1.2110267281532288,0.06760420650243759,0.0002913375891917008
397,0.291092112660408,1.20754873752594,0.06696659699082375,0.00029124984644939966
398,0.30128759890794754,1.2029969096183777,0.06693246960639954,0.0002911616749586567
399,0.27823775509993237,1.1990204453468323,0.06784380599856377,0.0002910730749880576
400,0.30489397545655567,1.1207954287528992,0.06587783619761467,0.0002909840468074933
401,0.3128683939576149,1.1233611702919006,0.06851116567850113,0.00029089459068815896
402,0.30736718823512393,1.1469204425811768,0.068038210272789,0.00029080470690255356
403,0.2961598336696625,1.1290555000305176,0.06589347496628761,0.0002907143957244787
404,0.32313518474499386,1.1723077297210693,0.06727705523371696,0.00029062365742903775
405,0.3380094865957896,1.1583901047706604,0.06696215271949768,0.0002905324922926354
406,0.3208854595820109,1.138515830039978,0.06687616929411888,0.0002904409005929765
407,0.2937583203117053,1.1569492816925049,0.06741262599825859,0.00029034888260906516
408,0.3619172622760137,1.3328583240509033,0.07179765030741692,0.0002902564386212041
409,0.31943221886952716,1.1925800442695618,0.06857137382030487,0.00029016356891099386
410,0.3247002760569255,1.239764153957367,0.06952133029699326,0.0002900702737613316
411,0.3011821036537488,1.1325372457504272,0.06672940403223038,0.0002899765534564106
412,0.28731047610441846,1.1249067783355713,0.06637971848249435,0.000289882408281719
413,0.28570426752169925,1.1870813369750977,0.06959084048867226,0.00028978783852403955
414,0.29769672205050784,1.1581053733825684,0.06790933758020401,0.000289692844471448
415,0.31217823425928753,1.1902765035629272,0.06891820207238197,0.00028959742641331264
416,0.32321316997210187,1.2072263360023499,0.0694216750562191,0.00028950158464029354
417,0.3399137159188588,1.0835405588150024,0.06663871556520462,0.0002894053194443414
418,0.3433690269788106,1.1874616146087646,0.06966306269168854,0.00028930863111869653
419,0.30461903164784115,1.0514634847640991,0.06584010273218155,0.00028921151995788853
420,0.3216766268014908,1.0700181126594543,0.06636504828929901,0.0002891139862577347
421,0.32746025423208874,1.168971836566925,0.06774317845702171,0.00028901603031533966
422,0.3408897320429484,1.2416619658470154,0.06974327564239502,0.00028891765242909423
423,0.29857458422581357,1.255611538887024,0.06988629326224327,0.0002888188528986744
424,0.31382546822230023,1.2421070337295532,0.06994837149977684,0.0002887196320250408
425,0.3168187737464905,1.2308904528617859,0.06945878639817238,0.0002886199901104373
426,0.29901590446631116,1.2897787690162659,0.07005680352449417,0.0002885199274583906
427,0.30775226652622223,1.3628038167953491,0.07152166590094566,0.0002884194443737088
428,0.3035636469721794,1.2600364685058594,0.06953762844204903,0.0002883185411624808
429,0.2916552225748698,1.1674019694328308,0.06765453517436981,0.00028821721813207535
430,0.26472990959882736,1.1168509125709534,0.06710871309041977,0.00028811547559113985
431,0.3171284968654315,1.103587567806244,0.06776081398129463,0.0002880133138495998
432,0.31342266996701557,1.1250261664390564,0.0681188590824604,0.0002879107332186575
433,0.3102126171191533,1.148354947566986,0.0682775191962719,0.0002878077340107915
434,0.30124760419130325,1.1705353260040283,0.07034757733345032,0.00028770431653975514
435,0.275836244225502,1.2473479509353638,0.0708460658788681,0.000287600481120576
436,0.28277476131916046,1.120433509349823,0.06940299645066261,0.0002874962280695548
437,0.29035357634226483,1.294866144657135,0.07219602167606354,0.0002873915577042644
438,0.34465573728084564,1.1529411673545837,0.07054832205176353,0.0002872864703435488
439,0.33877649406592053,1.1698150038719177,0.06996575370430946,0.0002871809663075224
440,0.30612921963135403,1.2673115134239197,0.07211373373866081,0.00028707504591756876
441,0.29481490204731625,1.1944308280944824,0.0707034096121788,0.0002869687094963399
442,0.316660612821579,1.1292932629585266,0.067929457873106,0.0002868619573677548
443,0.2772193004687627,1.0941481590270996,0.06787614151835442,0.00028675478985699905
444,0.2756136581301689,1.1972292065620422,0.06917629763484001,0.00028664720729052346
445,0.29306163142124814,1.0897457599639893,0.0675031952559948,0.00028653920999604317
446,0.2908661017815272,1.1769709587097168,0.06794533878564835,0.0002864307983025367
447,0.31744710355997086,1.189206600189209,0.0683482177555561,0.00028632197254024487
448,0.32324811071157455,1.0798715353012085,0.06941204145550728,0.0002862127330406698
449,0.29017863670984906,1.2041864395141602,0.07133740186691284,0.000286103080136574
450,0.3005857268969218,1.155971646308899,0.07102332636713982,0.00028599301416197916
451,0.30793724209070206,1.0533039569854736,0.06671285629272461,0.00028588253545216535
452,0.28382295618454617,1.066202163696289,0.06656191125512123,0.0002857716443436699
453,0.3321747233470281,1.0756457448005676,0.0675252117216587,0.0002856603411742864
454,0.30457917352517444,1.076679527759552,0.066095732152462,0.0002855486262830635
455,0.32632388671239215,1.1314783096313477,0.06761110574007034,0.0002854365000103042
456,0.38297920922438305,1.1097360849380493,0.06666740775108337,0.0002853239626975645
457,0.3007892618576686,1.0664892196655273,0.06643283739686012,0.0002852110146876527
458,0.3645862837632497,1.0710143446922302,0.0665479227900505,0.00028509765632462794
459,0.327913095553716,1.0167043805122375,0.06455621495842934,0.00028498388795379946
460,0.3355869650840759,0.996039092540741,0.06428805738687515,0.00028486970992172545
461,0.3112243364254634,1.0258542895317078,0.06574055179953575,0.000284755122576212
462,0.30293911198774975,1.0855504274368286,0.06978188455104828,0.0002846401262663121
463,0.3077482283115387,1.0638938546180725,0.06787290051579475,0.00028452472134232433
464,0.293605238199234,1.1612064838409424,0.0721362866461277,0.0002844089081557922
465,0.2581168736020724,1.1589761972427368,0.07093558087944984,0.0002842926870595027
466,0.2845790113011996,1.0945988893508911,0.0692540667951107,0.00028417605840748547
467,0.2912278125683467,1.1058204770088196,0.06809526309370995,0.0002840590225550117
468,0.31014034152030945,1.135899543762207,0.0693499818444252,0.00028394157985859274
469,0.26811105261246365,1.1729699969291687,0.06954776495695114,0.00028382373067597946
470,0.3255019610126813,1.216154158115387,0.07083103060722351,0.00028370547536616097
471,0.2685632010300954,1.23919278383255,0.07118691131472588,0.00028358681428936343
472,0.30537378042936325,1.302695393562317,0.07472679391503334,0.00028346774780704895
473,0.28156206756830215,1.1537542343139648,0.07025732100009918,0.0002833482762819148
474,0.3225451062122981,1.1164668202400208,0.06894684955477715,0.00028322840007789194
475,0.2611119697491328,1.196155846118927,0.07124250009655952,0.0002831081195601441
476,0.29693583647410077,1.2103875875473022,0.06982031464576721,0.00028298743509506654
477,0.2809484079480171,1.151370644569397,0.07004465907812119,0.00028286634705028516
478,0.2462120528022448,1.289328157901764,0.07655851542949677,0.000282744855794655
479,0.23601569483677545,1.1707379221916199,0.07087966054677963,0.00028262296169825966
480,0.2618100866675377,1.1463127732276917,0.06948622316122055,0.0002825006651324096
481,0.26200444499651593,1.098285973072052,0.0681840293109417,0.0002823779664696413
482,0.2517223556836446,1.082066535949707,0.06712450087070465,0.0002822548660837163
483,0.27025322864453,1.098583161830902,0.06642215326428413,0.0002821313643496197
484,0.28757437070210773,1.1101536750793457,0.06625616922974586,0.0002820074616435592
485,0.2807298426826795,1.069157600402832,0.0653667040169239,0.00028188315834296377
486,0.2751007750630379,1.2427754402160645,0.06994060799479485,0.00028175845482648307
487,0.29305023699998856,1.0882386565208435,0.06681756302714348,0.0002816333514739855
488,0.2946880906820297,1.1102755665779114,0.06655407696962357,0.00028150784866655756
489,0.2692493721842766,1.2551158666610718,0.07143203541636467,0.00028138194678650264
490,0.3379947692155838,1.2916468977928162,0.07098649069666862,0.0002812556462173396
491,0.28088075419267017,1.26984041929245,0.07027730345726013,0.00028112894734380205
492,0.28161105265220004,1.300927221775055,0.07143666222691536,0.0002810018505518365
493,0.23739065478245416,1.1784908175468445,0.06819138675928116,0.00028087435622860203
494,0.26477260639270145,1.2218369841575623,0.06975043192505836,0.0002807464647624683
495,0.235838753481706,1.2006979584693909,0.07005252689123154,0.00028061817654301496
496,0.2557280783851941,1.2083908319473267,0.06988999992609024,0.0002804894919610302
497,0.31155087798833847,1.2102693915367126,0.06896200776100159,0.0002803604114085096
498,0.2870827168226242,1.2187705636024475,0.06887972354888916,0.0002802309352786548
499,0.233029805123806,1.1624526381492615,0.06846822798252106,0.0002801010639658726
500,0.2852707306543986,1.2061899304389954,0.07016224786639214,0.0002799707978657736
501,0.24004095296065012,1.2381241917610168,0.07028144970536232,0.00027984013737517076
502,0.24893366048733392,1.2641432881355286,0.07005064561963081,0.00027970908289207884
503,0.2743409126996994,1.3055201172828674,0.07151173055171967,0.00027957763481571235
504,0.2485005035996437,1.1886322498321533,0.06860361248254776,0.00027944579354648494
505,0.2755395770072937,1.140130877494812,0.06905388459563255,0.0002793135594860081
506,0.22789344191551208,1.1640689969062805,0.06762231513857841,0.00027918093303708956
507,0.2767479568719864,1.1260484457015991,0.06682657450437546,0.0002790479146037326
508,0.2844862143198649,1.140578031539917,0.0673087053000927,0.0002789145045911343
509,0.2930237799882889,1.1756221652030945,0.06840850785374641,0.00027878070340568484
510,0.2732402061422666,1.297544240951538,0.07136459276080132,0.0002786465114549658
511,0.2792091543475787,1.2053109407424927,0.06823642924427986,0.00027851192914774903
512,0.32334554692109424,1.1891682744026184,0.0685972310602665,0.00027837695689399573
513,0.2768089721600215,1.2239908576011658,0.06978508830070496,0.0002782415951048547
514,0.23003650456666946,1.1044179201126099,0.06728256121277809,0.0002781058441926614
515,0.26425516108671826,1.1870810985565186,0.06866305693984032,0.0002779697045709368
516,0.27421490599711734,1.023371934890747,0.06483621522784233,0.00027783317665438557
517,0.2400084063410759,1.096179187297821,0.0669168271124363,0.00027769626085889565
518,0.2731414313117663,1.1079053282737732,0.06743412092328072,0.00027755895760153617
519,0.2652180418372154,1.1460914015769958,0.0672924816608429,0.00027742126730055666
520,0.26898013552029926,1.0954081416130066,0.0669897273182869,0.0002772831903753856
521,0.27134116490681964,1.0863873958587646,0.06584330275654793,0.0002771447272466295
522,0.2954807827870051,1.214062750339508,0.06949793174862862,0.0002770058783360708
523,0.3008403604229291,1.1564280986785889,0.06805281713604927,0.0002768666440666675
524,0.2482055202126503,1.1590821146965027,0.06871774792671204,0.00027672702486255125
525,0.2764379680156708,1.1586670279502869,0.06899110972881317,0.0002765870211490264
526,0.2625870580474536,1.2067476511001587,0.06922706961631775,0.00027644663335256854
527,0.24749052772919336,1.1089524030685425,0.06820906698703766,0.00027630586190082325
528,0.24214226504166922,1.137434482574463,0.06749549135565758,0.00027616470722260477
529,0.25183134029308957,1.1393845677375793,0.06768856197595596,0.00027602316974789475
530,0.24262277533610663,1.1828428506851196,0.06825804710388184,0.00027588124990784085
531,0.24853481103976569,1.1356802582740784,0.0676429457962513,0.0002757389481347556
532,0.254362220565478,1.0668026208877563,0.06758454814553261,0.00027559626486211474
533,0.2529475887616475,1.1034315824508667,0.0663386806845665,0.0002754532005245564
534,0.2259176696340243,1.090411365032196,0.06588730588555336,0.00027530975555787923
535,0.25772090752919513,1.0640328526496887,0.0654829628765583,0.0002751659303990416
536,0.19886252284049988,1.0665125846862793,0.06538164615631104,0.00027502172548615983
537,0.22809733947118124,1.124684751033783,0.06703141331672668,0.0002748771412585071
538,0.22984332839647928,1.100165605545044,0.0655810609459877,0.00027473217815651203
539,0.25137748817602795,1.0409628450870514,0.06413960456848145,0.00027458683662175744
540,0.26894668489694595,1.09592604637146,0.06651389971375465,0.0002744411170969787
541,0.2761985957622528,1.1344197988510132,0.06706627458333969,0.00027429502002606287
542,0.25455599029858905,1.1180012822151184,0.067387904971838,0.00027414854585404696
543,0.25686925401290256,1.0641629099845886,0.06627500057220459,0.00027400169502711665
544,0.23820477972428003,1.0328272879123688,0.06560385227203369,0.0002738544679926051
545,0.2633109564582507,1.0748692154884338,0.06622031703591347,0.0002737068651989913
546,0.24718797455231348,0.9951385259628296,0.06375440582633018,0.00027355888709589904
547,0.23389669507741928,1.0441744923591614,0.06637986749410629,0.0002734105341340952
548,0.25019196420907974,1.107204794883728,0.06839721277356148,0.00027326180676548874
549,0.24293677508831024,1.1775529384613037,0.06946495175361633,0.00027311270544312893
550,0.26512906948725384,1.1065250039100647,0.06773706153035164,0.00027296323062120424
551,0.25591540584961575,1.0908640027046204,0.0661146380007267,0.000272813382755041
552,0.24561502039432526,1.036674678325653,0.06432856619358063,0.0002726631623011017
553,0.22192308058341345,1.0364932715892792,0.06560227274894714,0.0002725125697169839
554,0.24247786899407706,0.9970258176326752,0.06542211771011353,0.00027236160546141884
555,0.23991006861130396,1.063862144947052,0.06641235575079918,0.0002722102699942697
556,0.23410450418790182,1.186633586883545,0.0676572173833847,0.0002720585637765306
557,0.23433553179105124,1.1156836152076721,0.06610345840454102,0.00027190648727032504
558,0.23820656289656958,1.1394938230514526,0.06628276780247688,0.0002717540409389043
559,0.237274336318175,1.1572474837303162,0.06658057868480682,0.0002716012252466465
560,0.2390922506650289,1.0775627791881561,0.06431605666875839,0.0002714480406590546
561,0.25434168924887973,1.068950891494751,0.06455018371343613,0.00027129448764275554
562,0.20930966486533484,1.1069377660751343,0.06671903282403946,0.0002711405666654984
563,0.21956252306699753,1.1342660188674927,0.06782408803701401,0.0002709862781961531
564,0.21217301984628043,1.1217580437660217,0.06773480027914047,0.0002708316227047091
565,0.22631338983774185,1.129218876361847,0.06691652908921242,0.00027067660066227396
566,0.24063597867886224,1.1516010165214539,0.06770383566617966,0.0002705212125410716
567,0.2514866466323535,1.1300978660583496,0.06843297928571701,0.0002703654588144412
568,0.22323953111966452,1.1420507431030273,0.0675494633615017,0.0002702093399568356
569,0.21968900909026465,1.1130173802375793,0.06586141511797905,0.00027005285644382006
570,0.20890481770038605,1.1383234858512878,0.06670510396361351,0.00026989600875207024
571,0.21497421463330588,1.0432704091072083,0.06389423459768295,0.00026973879735937167
572,0.23201578358809152,1.0514525473117828,0.06560065224766731,0.0002695812227446173
573,0.22036908815304437,1.0863987803459167,0.0657779797911644,0.0002694232853878069
574,0.20029636720816293,1.0901164412498474,0.06616959720849991,0.000269264985770045
575,0.18628436575333276,1.1771775484085083,0.06773804500699043,0.00026910632437353966
576,0.19253105421861014,1.1745920777320862,0.06889617815613747,0.000268947301681601
577,0.19701861093441644,1.200181484222412,0.06803786754608154,0.00026878791817863977
578,0.19163193802038828,1.2104436159133911,0.07037991285324097,0.0002686281743501657
579,0.20337886859973273,1.2533971071243286,0.07090721651911736,0.00026846807068278624
580,0.2011844962835312,1.316728413105011,0.07236042618751526,0.0002683076076642049
581,0.22341631104548773,1.3086334466934204,0.07079480960965157,0.00026814678578321994
582,0.2090633511543274,1.2620800137519836,0.06991401687264442,0.0002679856055297226
583,0.2589592958490054,1.192054569721222,0.06835965439677238,0.00026782406739469584
584,0.21663514027992883,1.1809989213943481,0.0671384446322918,0.00026766217187021305
585,0.23973596344391504,1.301136314868927,0.07152494415640831,0.00026749991944943584
586,0.2514897460738818,1.0952392220497131,0.06623218581080437,0.0002673373106266134
587,0.19089442988236746,1.1370601058006287,0.06785815209150314,0.00026717434589708025
588,0.24004169553518295,1.1023603677749634,0.06704380735754967,0.0002670110257572554
589,0.22539196660121283,1.087204933166504,0.06713937222957611,0.00026684735070464015
590,0.18826531122128168,1.1102733612060547,0.06901275366544724,0.00026668332123781714
591,0.2024558981259664,1.1291949152946472,0.06835683435201645,0.0002665189378564486
592,0.1980710302790006,1.0815294981002808,0.06708765029907227,0.00026635420106127484
593,0.20939891785383224,1.0782822370529175,0.06708339974284172,0.0002661891113541127
594,0.207072081665198,1.1329392194747925,0.06834321469068527,0.000266023669237854
595,0.19055338948965073,1.1533400416374207,0.06853130087256432,0.0002658578752164641
596,0.19611148536205292,1.1831323504447937,0.06952399760484695,0.0002656917297949805
597,0.18580654511849085,1.2485514283180237,0.07065369933843613,0.0002655252334795108
598,0.2060259779294332,1.1987493634223938,0.0689038522541523,0.00026535838677723176
599,0.1944339300195376,1.1725460290908813,0.06763793528079987,0.0002651911901963873
600,0.19364320735136667,1.1416006684303284,0.06629323959350586,0.00026502364424628715
601,0.21066057682037354,1.1723525524139404,0.06804909184575081,0.00026485574943730555
602,0.18015959610541663,1.0926535725593567,0.06690770015120506,0.00026468750628087903
603,0.2145404169956843,1.1536700129508972,0.06736717000603676,0.00026451891528950537
604,0.24338934570550919,1.1213387846946716,0.06775630638003349,0.0002643499769767421
605,0.2492831622560819,1.0925847291946411,0.06533417478203773,0.00026418069185720465
606,0.24221458286046982,1.1655389070510864,0.06840268522500992,0.00026401106044656467
607,0.2356275493899981,1.118895709514618,0.06641457602381706,0.000263841083261549
608,0.21064480394124985,1.1833683848381042,0.06709469854831696,0.00026367076081993757
609,0.18618271996577582,1.185704529285431,0.06840713694691658,0.0002635000936405621
610,0.21756252646446228,1.1189972162246704,0.066274743527174,0.0002633290822433044
611,0.18799374252557755,1.1498799920082092,0.0690218098461628,0.00026315772714909487
612,0.2102934867143631,1.1551576852798462,0.06906447187066078,0.00026298602887991077
613,0.20771081248919168,1.1986768245697021,0.06834250688552856,0.00026281398795877494
614,0.20566518604755402,1.2034039497375488,0.06862134113907814,0.00026264160490975367
615,0.21064200748999914,1.2783306241035461,0.07088993117213249,0.00026246888025795585
616,0.20142425348361334,1.2316198348999023,0.06946498900651932,0.00026229581452953053
617,0.24792013814051947,1.0707811117172241,0.06597573682665825,0.000262122408251666
618,0.19683491190274557,1.094092071056366,0.06631116569042206,0.00026194866195258787
619,0.22847715516885123,1.1770060062408447,0.0709029845893383,0.00026177457616155753
620,0.24932480603456497,1.1717864871025085,0.06939894706010818,0.00026160015140887043
621,0.20646537840366364,1.1720024347305298,0.06800954043865204,0.0002614253882258546
622,0.20505626002947488,1.1962581276893616,0.07025064900517464,0.0002612502871448691
623,0.2568524007995923,1.1960402131080627,0.06902892142534256,0.00026107484869930216
624,0.20664137601852417,1.1593436002731323,0.06993060186505318,0.0002608990734235696
625,0.2144983783364296,1.2806777954101562,0.07450161874294281,0.0002607229618531135
626,0.19598106543223062,1.2518144845962524,0.07010748609900475,0.0002605465145244003
627,0.20171606789032617,1.1330788731575012,0.06790521368384361,0.000260369731974919
628,0.21045147130886713,1.1308249235153198,0.06812432780861855,0.00026019261474318
629,0.19965061793724695,1.154460370540619,0.06838821992278099,0.0002600151633687131
630,0.17308777322371802,1.0582691431045532,0.0666022039949894,0.00025983737839206596
631,0.19153532882531485,1.0850095748901367,0.06640416383743286,0.00025965926035480247
632,0.17626438538233438,1.0900055766105652,0.0675036609172821,0.00025948080979950103
633,0.18676243474086127,1.1273301839828491,0.06662237271666527,0.00025930202726975296
634,0.18220175554354986,1.0875099301338196,0.06718162819743156,0.0002591229133101609
635,0.17714423686265945,1.156976044178009,0.06802928075194359,0.000258943468466337
636,0.16361238559087118,1.2200874090194702,0.06943465024232864,0.0002587636932849014
637,0.18579441557327905,1.1592741012573242,0.0688137635588646,0.0002585835883134804
638,0.15590433031320572,1.1310076117515564,0.06734264269471169,0.0002584031541007051
639,0.19420762856801352,1.2170805931091309,0.07070545107126236,0.0002582223911962094
640,0.16841142376263937,1.2378315925598145,0.07009304687380791,0.00025804130015062834
641,0.1779071365793546,1.159703254699707,0.06785839051008224,0.0002578598815155967
642,0.2198166325688362,1.1320637464523315,0.06790629774332047,0.0002576781358437472
643,0.18468511601289114,1.3054428100585938,0.07560568675398827,0.00025749606368870846
644,0.25769850860039395,1.3524788618087769,0.07551046088337898,0.0002573136656051041
645,0.27394451200962067,1.045583039522171,0.06506583280861378,0.00025713094214855015
646,0.23681587477525076,1.0130068361759186,0.06524174846708775,0.000256947893875654
647,0.2640729571382205,0.9770824909210205,0.06422857008874416,0.0002567645213440124
648,0.2503328447540601,1.0317257642745972,0.0652497224509716,0.00025658082511220985
649,0.22674075762430826,1.1434216499328613,0.06929311901330948,0.00025639680573981703
650,0.23302009950081506,1.120413899421692,0.06776298582553864,0.00025621246378738883
651,0.23802535980939865,1.2075663805007935,0.07061122357845306,0.0002560277998164628
652,0.24049045890569687,1.217260718345642,0.07120290398597717,0.0002558428143895574
653,0.21820377061764398,1.3458972573280334,0.07613086327910423,0.0002556575080701703
654,0.22918767233689627,1.310324788093567,0.07240841910243034,0.0002554718814227768
655,0.24411334345738092,1.2732374668121338,0.0727914460003376,0.0002552859350128277
656,0.20678643137216568,1.041687786579132,0.06609492003917694,0.00025509966940674814
657,0.21830657124519348,1.0464410185813904,0.06537690758705139,0.00025491308517193537
658,0.21576744069655737,1.1283578276634216,0.06729898229241371,0.0002547261828767574
659,0.1998982479174932,1.1220614910125732,0.06699533388018608,0.00025453896309055095
660,0.208550992111365,1.1250314712524414,0.067190732806921,0.0002543514263836201
661,0.20353858172893524,1.2233939170837402,0.06972485035657883,0.000254163573327234
662,0.20977873603502908,1.2880833745002747,0.07089871913194656,0.0002539754044936258
663,0.181205116212368,1.1231218576431274,0.06705343723297119,0.0002537869204559903
664,0.20562007029851279,1.043062537908554,0.06509193032979965,0.0002535981217884826
665,0.21126901358366013,1.1145360469818115,0.06746291741728783,0.0002534090090662162
666,0.19096414744853973,1.1832008361816406,0.06821377575397491,0.0002532195828652612
667,0.18876898288726807,1.1429557800292969,0.06815484166145325,0.00025302984376264276
668,0.20199101169904074,1.0700184106826782,0.06651034951210022,0.00025283979233633894
669,0.1902658094962438,1.089929461479187,0.06669703871011734,0.00025264942916527946
670,0.18491718173027039,1.0706273913383484,0.06689078733325005,0.0002524587548293435
671,0.17897751679023108,1.0865512490272522,0.06663187965750694,0.0002522677699093582
672,0.20291913052399954,1.1136629581451416,0.06728453189134598,0.0002520764749870967
673,0.17728848258654276,1.109701156616211,0.0676017627120018,0.00025188487064527654
674,0.22183052947123846,1.1366065740585327,0.06703690066933632,0.00025169295746755774
675,0.18622778356075287,1.1815545558929443,0.06847179681062698,0.0002515007360385412
676,0.17903835326433182,1.2666792273521423,0.07041312381625175,0.0002513082069437666
677,0.1759389117360115,1.2394895553588867,0.06919935718178749,0.0002511153707697111
678,0.17105929305156073,1.1538872718811035,0.06675882637500763,0.00025092222810378705
679,0.17970663557449976,1.144115149974823,0.06730367243289948,0.00025072877953434043
680,0.1542320748170217,1.216093122959137,0.06982237100601196,0.0002505350256506493
681,0.17748945951461792,1.0713353753089905,0.06697190925478935,0.0002503409670429215
682,0.17303726449608803,1.1533774733543396,0.06751769781112671,0.00025014660430229313
683,0.17473186552524567,1.1548208594322205,0.06802805885672569,0.0002499519380208269
684,0.1940481886267662,1.0867222547531128,0.06688360497355461,0.0002497569687915101
685,0.18334040542443594,1.1438754200935364,0.06773500889539719,0.00024956169720825275
686,0.1731436476111412,1.2554697394371033,0.0709051601588726,0.0002493661238658859
687,0.1692614977558454,1.123197317123413,0.06717483699321747,0.00024917024936016
688,0.1868475948770841,1.0772992968559265,0.06624563038349152,0.0002489740742877427
689,0.17220600446065268,1.0790135264396667,0.06596707925200462,0.0002487775992462173
690,0.1870741049448649,1.053128719329834,0.06478023901581764,0.00024858082483408085
691,0.1648326242963473,1.0897113680839539,0.06710701435804367,0.00024838375165074227
692,0.15990062554677328,1.064355731010437,0.06528865545988083,0.0002481863802965208
693,0.1840432658791542,1.0289250016212463,0.06438660249114037,0.0002479887113726436
694,0.16727432360251746,1.0100516378879547,0.06409719958901405,0.00024779074548124467
695,0.18217564622561136,1.0428114533424377,0.06594077870249748,0.00024759248322536243
696,0.1668018102645874,1.0593904256820679,0.06523167341947556,0.00024739392520893805
697,0.170696921646595,1.1180790066719055,0.06643524765968323,0.0002471950720368137
698,0.16096935172875723,1.1362066864967346,0.06881586089730263,0.0002469959243147306
699,0.15621730188528696,1.0893733501434326,0.06682677567005157,0.00024679648264932727
700,0.16917294760545096,1.175624668598175,0.07039623335003853,0.0002465967476481376
701,0.17191407084465027,1.2595991492271423,0.07463230565190315,0.00024639671991958913
702,0.14923261106014252,1.0626026391983032,0.06608130037784576,0.00024619640007300084
703,0.1625154713789622,1.0047350525856018,0.06477049365639687,0.00024599578871858187
704,0.13626218090454736,1.0550763309001923,0.06649047508835793,0.0002457948864674291
705,0.19885285819570223,1.0643814206123352,0.06759578362107277,0.0002455936939315257
706,0.1852015033364296,1.1301761865615845,0.0680062398314476,0.000245392211723739
707,0.16952871034542719,1.0816315412521362,0.07035143673419952,0.0002451904404578187
708,0.18199396754304567,1.007459968328476,0.06508694775402546,0.0002449883807483952
709,0.17787738144397736,1.0295135080814362,0.0667436383664608,0.0002447860332109773
710,0.20245637993017832,1.05511274933815,0.0684206634759903,0.00024458339846195065
711,0.18322793891032538,1.1394609808921814,0.06912237778306007,0.000244380477118576
712,0.17781312515338263,1.2117612957954407,0.07114509865641594,0.0002441772697989868
713,0.18998784571886063,1.0292609632015228,0.06533503904938698,0.00024397377712218792
714,0.19898812224467596,0.9736169278621674,0.0641242228448391,0.0002437699997080532
715,0.2179869885245959,0.9644688665866852,0.06463674828410149,0.0002435659381773241
716,0.21823424597581229,1.0041455626487732,0.06579643487930298,0.00024336159315160736
717,0.17131120959917703,0.9745462834835052,0.06498203054070473,0.00024315696525337342
718,0.21015737702449164,1.027219295501709,0.06547068059444427,0.0002429520551059543
719,0.2082554598649343,1.0114375054836273,0.06618465855717659,0.0002427468633335419
720,0.16867642104625702,0.9919864237308502,0.06508896499872208,0.00024254139056118586
721,0.19517682244380316,1.0582784414291382,0.06779230013489723,0.00024233563741479197
722,0.2122807577252388,1.0701685547828674,0.0678379237651825,0.00024212960452111996
723,0.19487478335698447,1.0178414583206177,0.06496047973632812,0.00024192329250778173
724,0.20011920481920242,1.037986546754837,0.06691880524158478,0.0002417167020032395
725,0.19105758021275202,1.0979601740837097,0.06658151745796204,0.0002415098336368037
726,0.19229261577129364,1.0667645931243896,0.06704360246658325,0.00024130268803863132
727,0.19414137055476507,1.1249940395355225,0.06778934970498085,0.00024109526583972375
728,0.17732817431290945,1.2492640614509583,0.06960535421967506,0.00024088756767192502
729,0.18938187261422476,1.2484555840492249,0.07040287554264069,0.0002406795941679197
730,0.19344238191843033,1.2522735595703125,0.06942080706357956,0.0002404713459612312
731,0.18093234797318777,1.32144296169281,0.07073947787284851,0.00024026282368621964
732,0.18522948026657104,1.189265489578247,0.06822049245238304,0.00024005402797808005
733,0.1742606187860171,1.1181628704071045,0.06696774438023567,0.00023984495947284036
734,0.19236745685338974,1.0842702090740204,0.0662233829498291,0.00023963561880735953
735,0.18900749584039053,1.092638909816742,0.06671354174613953,0.0002394260066193255
736,0.18792351086934408,1.0768736600875854,0.06683868169784546,0.00023921612354725334
737,0.15682399024566016,1.0402963757514954,0.0651765801012516,0.00023900597023048328
738,0.16526294747988382,1.0435239672660828,0.06466520577669144,0.0002387955473091788
739,0.18905639151732126,1.099679172039032,0.06567811220884323,0.0002385848554243246
740,0.16935127973556519,1.2049302458763123,0.06945224106311798,0.0002383738952177247
741,0.14382445688048998,1.2171955108642578,0.07013359293341637,0.00023816266733200044
742,0.15946113069852194,1.1972371935844421,0.06956036016345024,0.00023795117241058868
743,0.1470967431863149,1.2333459854125977,0.07110985741019249,0.0002377394110977395
744,0.14510911454757056,1.2056846618652344,0.07067491486668587,0.00023752738403851474
745,0.1522783674299717,1.1121426820755005,0.06812315061688423,0.00023731509187878546
746,0.16228385269641876,1.0633100867271423,0.06730031594634056,0.00023710253526523044
747,0.1571792997419834,1.1114543676376343,0.06827770918607712,0.00023688971484533402
748,0.1799559344847997,1.1025676131248474,0.06846526265144348,0.00023667663126738405
749,0.16546495134631792,1.0719608068466187,0.06749263778328896,0.00023646328518047013
750,0.14722199738025665,1.0741730630397797,0.06749071925878525,0.00023624967723448134
751,0.15164089078704515,1.1275251507759094,0.0704479031264782,0.00023603580808010465
752,0.1817399263381958,1.099565029144287,0.06792251393198967,0.00023582167836882253
753,0.16041893884539604,1.1200835704803467,0.06714260950684547,0.00023560728875291119
754,0.16590251649419466,1.1674989461898804,0.06887780129909515,0.0002353926398854386
755,0.1396255741516749,1.164317548274994,0.06801575049757957,0.00023517773242026248
756,0.1724907085299492,1.0118330717086792,0.06526990048587322,0.00023496256701202817
757,0.16375806058446565,1.1080426573753357,0.06693616323173046,0.00023474714431616687
758,0.1766459420323372,1.0970588326454163,0.06675206311047077,0.00023453146498889348
759,0.16915401568015417,1.0343803465366364,0.06523280404508114,0.00023431552968720463
760,0.158865196009477,1.1568037271499634,0.0725274607539177,0.0002340993390688766
761,0.25442447513341904,1.0464479327201843,0.06634156405925751,0.00023388289379246366
762,0.17840847124656042,1.0433514714241028,0.06700677424669266,0.00023366619451729555
763,0.1916509618361791,1.1007472276687622,0.06737270578742027,0.00023344924190347587
764,0.27939389894406,1.3026648163795471,0.07324640825390816,0.0002332320366118799
765,0.2261983280380567,1.3685258626937866,0.07323243468999863,0.00023301457930415266
766,0.24341203520695368,1.232101321220398,0.07062796875834465,0.00023279687064270679
767,0.24555193136135736,1.0537619292736053,0.06651200726628304,0.00023257891129072067
768,0.25164634982744855,0.9925453662872314,0.06385045498609543,0.00023236070191213622
769,0.23926627884308496,1.0268138945102692,0.06560966372489929,0.00023214224317165711
770,0.22171939412752786,0.956394761800766,0.06367890536785126,0.00023192353573474653
771,0.2337215691804886,0.9893511831760406,0.0644582211971283,0.0002317045802676252
772,0.2358814999461174,1.0716945827007294,0.06656711176037788,0.0002314853774372696
773,0.208712138235569,1.1290946900844574,0.06796392053365707,0.0002312659279114094
774,0.21117747326691946,1.0464162528514862,0.06609416380524635,0.00023104623235852597
775,0.18474816034237543,1.0204004645347595,0.06571497768163681,0.00023082629144785015
776,0.20694066335757574,1.0346886813640594,0.06605273485183716,0.00023060610584935994
777,0.17475946247577667,1.128620207309723,0.06833281740546227,0.00023038567623377904
778,0.1735254426797231,1.1572965383529663,0.06906111910939217,0.00023016500327257408
779,0.2220267429947853,1.0839390456676483,0.06601865217089653,0.00022994408763795334
780,0.14869380990664163,1.112169325351715,0.06674977391958237,0.0002297229300028641
781,0.16717184086640677,1.0660013258457184,0.06592711433768272,0.00022950153104099087
782,0.16692920277516046,1.16453218460083,0.06801003962755203,0.00022927989142675328
783,0.17335120340188345,1.1895756721496582,0.06920581310987473,0.00022905801183530398
784,0.17097446819146475,1.1399322748184204,0.06727761030197144,0.00022883589294252682
785,0.15512929111719131,1.1001832485198975,0.06640221178531647,0.0002286135354250343
786,0.1642338956395785,1.1710854768753052,0.06790418550372124,0.00022839093996016615
787,0.1522760180135568,1.1839419603347778,0.06846368312835693,0.00022816810722598664
788,0.1413723515967528,1.1193932890892029,0.06718358770012856,0.00022794503790128293
789,0.1501483954489231,1.0973251461982727,0.06642581149935722,0.00022772173266556291
790,0.15212510277827582,1.098764717578888,0.06633089855313301,0.00022749819219905308
791,0.13519390920797983,1.0840100049972534,0.06572582572698593,0.0002272744171826964
792,0.13830693438649178,1.1050420999526978,0.06729502975940704,0.0002270504082981504
793,0.15780051549275717,1.0979111194610596,0.06605519726872444,0.00022682616622778505
794,0.1580622990926107,1.090098798274994,0.06689323484897614,0.00022660169165468046
795,0.14927277714014053,1.1506253480911255,0.06816716119647026,0.00022637698526262523
796,0.17211891959110895,1.207728087902069,0.0685449130833149,0.00022615204773611392
797,0.14970139414072037,1.1693084239959717,0.06928203254938126,0.00022592687976034532
798,0.13743025436997414,1.2137876152992249,0.0689181350171566,0.0002257014820212201
799,0.16462473198771477,1.251571774482727,0.07104673981666565,0.00022547585520533883
800,0.1417768138150374,1.2468844056129456,0.07089616730809212,0.00022524999999999995
801,0.12942999228835106,1.1987722516059875,0.06928237155079842,0.00022502391709319758
802,0.14337342729171118,1.189502239227295,0.06979495286941528,0.00022479760717361948
803,0.13925588130950928,1.1930215954780579,0.06955267861485481,0.0002245710709306449
804,0.13917764276266098,1.1865223050117493,0.0688602514564991,0.0002243443090543425
805,0.13650171707073847,1.1660367250442505,0.06819484382867813,0.0002241173222354683
806,0.14303519328435263,1.1578974723815918,0.06824624165892601,0.00022389011116546353
807,0.1272051657239596,1.145997941493988,0.06816139072179794,0.00022366267653645247
808,0.13319228713711104,1.1365032196044922,0.06863046437501907,0.0002234350190412405
809,0.13324998567501703,1.1524110436439514,0.0692836083471775,0.00022320713937331178
810,0.1402119199434916,1.1312251687049866,0.0675404854118824,0.00022297903822682738
811,0.14290697127580643,1.1230396032333374,0.06705819815397263,0.0002227507162966228
812,0.1478969876964887,1.1312211155891418,0.06750333681702614,0.00022252217427820638
813,0.13374601552883783,1.1460539102554321,0.06811239197850227,0.0002222934128677567
814,0.125200683871905,1.129592478275299,0.06826982274651527,0.00022206443276212072
815,0.13027358427643776,1.1078280210494995,0.06728562340140343,0.0002218352346588114
816,0.11376140142480533,1.1459406018257141,0.06774378940463066,0.00022160581925600612
817,0.13589765007297197,1.1199147701263428,0.06714106723666191,0.0002213761872525438
818,0.13097543890277544,1.1324328184127808,0.06787358224391937,0.00022114633934792354
819,0.11638581256071727,1.1270762085914612,0.06732956692576408,0.00022091627624230175
820,0.13242638359467188,1.1348100900650024,0.06906425580382347,0.00022068599863649062
821,0.13168894747893015,1.1669833064079285,0.06923581287264824,0.0002204555072319557
822,0.15281188115477562,1.1377513408660889,0.06742539629340172,0.00022022480273081372
823,0.13000236824154854,1.0833039283752441,0.06691242009401321,0.00021999388583583064
824,0.17704665785034499,1.105738341808319,0.06774580851197243,0.0002197627572504193
825,0.13298789908488592,1.1512698531150818,0.06976097449660301,0.00021953141767863758
826,0.1470731906592846,1.1019190549850464,0.06769558787345886,0.0002192998678251858
827,0.12078136826554935,1.1053503155708313,0.06782910600304604,0.0002190681083954051
828,0.15226201340556145,1.1260240077972412,0.0676368959248066,0.00021883614009527477
829,0.12567023187875748,1.1921353340148926,0.06941629946231842,0.00021860396363141055
830,0.12384839355945587,1.345772385597229,0.07182465493679047,0.0002183715797110622
831,0.13128212094306946,1.2995631694793701,0.07201336324214935,0.00021813898904211147
832,0.14717525988817215,1.2681119441986084,0.07062187418341637,0.00021790619233306985
833,0.11036867151657741,1.1993480324745178,0.06793403998017311,0.0002176731902930765
834,0.15490753576159477,1.1325581669807434,0.06764646619558334,0.00021743998363189603
835,0.13336721435189247,1.1788246035575867,0.06803803145885468,0.00021720657305991637
836,0.13201028729478517,1.1317221522331238,0.06802325323224068,0.00021697295928814662
837,0.1446153074502945,1.0965142250061035,0.06772959604859352,0.00021673914302821484
838,0.1460647334655126,1.0632803738117218,0.06589508429169655,0.00021650512499236588
839,0.17904019728302956,1.1052780747413635,0.06769417226314545,0.00021627090589345927
840,0.17689661930004755,1.149944007396698,0.07077544555068016,0.00021603648644496703
841,0.18144431710243225,1.1027587056159973,0.06828751787543297,0.00021580186736097143
842,0.16039264822999635,1.071114718914032,0.06609444692730904,0.00021556704935616293
843,0.15167485425869623,1.1079662442207336,0.06753117218613625,0.00021533203314583787
844,0.1416436160604159,1.1261365413665771,0.06737813353538513,0.00021509681944589635
845,0.14706772565841675,1.1155468225479126,0.06730233877897263,0.0002148614089728401
846,0.1436962621907393,1.1005420088768005,0.0672253891825676,0.00021462580244377028
847,0.14772008856137595,1.1346415877342224,0.06766993179917336,0.00021439000057638525
848,0.12923847511410713,1.1412119269371033,0.06864560395479202,0.00021415400408897832
849,0.14023913318912187,1.159774661064148,0.06935125961899757,0.00021391781370043577
850,0.12816972161332765,1.225967526435852,0.07046188041567802,0.00021368143013023453
851,0.13262212773164114,1.1439247727394104,0.06980551034212112,0.00021344485409843987
852,0.13558639958500862,1.1091430187225342,0.06873220950365067,0.00021320808632570344
853,0.14528993517160416,1.157920777797699,0.0696633905172348,0.00021297112753326095
854,0.11615544309218724,1.1753472089767456,0.07002748921513557,0.00021273397844292995
855,0.14586870620648065,1.169698417186737,0.0692889466881752,0.0002124966397771077
856,0.12707637250423431,1.2034764885902405,0.06971105933189392,0.00021225911225876897
857,0.1604642023642858,1.2238592505455017,0.07185473665595055,0.00021202139661146373
858,0.13461825624108315,1.2750970125198364,0.07025730237364769,0.00021178349355931508
859,0.13078743095199266,1.1906671524047852,0.07021814957261086,0.00021154540382701701
860,0.16201017051935196,1.106118381023407,0.0649077408015728,0.00021130712813983212
861,0.14199621602892876,1.13936185836792,0.0667562410235405,0.00021106866722358944
862,0.14842821285128593,1.3342942595481873,0.07247190549969673,0.0002108300218046823
863,0.14509709055225053,1.441842257976532,0.07438233494758606,0.00021059119261006602
864,0.12843737254540125,1.315474033355713,0.07273473218083382,0.0002103521803672558
865,0.12898405517141023,1.3674702644348145,0.07355603203177452,0.00021011298580432428
866,0.13470580553015074,1.3229663372039795,0.07298525050282478,0.00020987360964989964
867,0.15931677569945654,1.2414880394935608,0.07127154618501663,0.00020963405263316323
868,0.10633614162604015,1.235201895236969,0.07002658396959305,0.00020939431548384714
869,0.13421848913033804,1.1768485307693481,0.06943518295884132,0.0002091543989322324
870,0.12943909813960394,1.2031036615371704,0.06992298364639282,0.00020891430370914636
871,0.14186630894740423,1.2789958119392395,0.07140269502997398,0.00020867403054596078
872,0.15627407655119896,1.2218814492225647,0.07112554833292961,0.00020843358017458936
873,0.12863817314306894,1.1653226017951965,0.06876687705516815,0.00020819295332748559
874,0.15050418923298517,1.1439735293388367,0.06804709509015083,0.0002079521507376406
875,0.19678465897838274,1.157087802886963,0.06993519514799118,0.00020771117313858088
876,0.1274095761279265,1.1334586143493652,0.0684238001704216,0.00020747002126436596
877,0.15381319572528204,1.0953379273414612,0.06746974214911461,0.00020722869584958623
878,0.1353242869178454,1.1280301809310913,0.0690380334854126,0.00020698719762936082
879,0.1257735937833786,1.2461610436439514,0.0706462413072586,0.0002067455273393351
880,0.13514273365338644,1.217234194278717,0.069990623742342,0.00020650368571567884
881,0.13774571071068445,1.1806604266166687,0.06890854239463806,0.00020626167349508342
882,0.10837068160374959,1.1571818590164185,0.0685906670987606,0.0002060194914147601
883,0.11266176775097847,1.163295328617096,0.06873158738017082,0.00020577714021243745
884,0.13624715680877367,1.1742191314697266,0.06921601295471191,0.00020553462062635933
885,0.12109797944625218,1.1950082778930664,0.06978774815797806,0.00020529193339528242
886,0.12074384341637294,1.1782572865486145,0.0695054940879345,0.0002050490792584741
887,0.11780486007531484,1.1994478106498718,0.06905306875705719,0.00020480605895571024
888,0.11459756766756375,1.2075709700584412,0.06931803375482559,0.00020456287322727273
889,0.1090816060702006,1.2313463687896729,0.07095988094806671,0.00020431952281394763
890,0.12723505993684134,1.1699649095535278,0.06894567981362343,0.00020407600845702233
891,0.11597525328397751,1.1642702221870422,0.06840330734848976,0.0002038323308982839
892,0.12957902749379477,1.1612565517425537,0.06808098778128624,0.00020358849088001645
893,0.12611190602183342,1.1570638418197632,0.06783578544855118,0.00020334448914499892
894,0.1208709180355072,1.1626214385032654,0.06794754415750504,0.0002031003264365029
895,0.12411053106188774,1.1573672890663147,0.06801516562700272,0.00020285600349829035
896,0.10555869465072949,1.1916573643684387,0.0691523440182209,0.00020261152107461133
897,0.13078309098879495,1.1942190527915955,0.06872163712978363,0.00020236687991020171
898,0.12028858189781506,1.1041088700294495,0.06775136664509773,0.0002021220807502809
899,0.12554890910784403,1.0758459568023682,0.06724704429507256,0.0002018771243405496
900,0.1301345465083917,1.0837515592575073,0.06712425872683525,0.00020163201142718747
901,0.12104508156577747,1.1007746458053589,0.06798403337597847,0.00020138674275685096
902,0.10625254238645236,1.0847299098968506,0.0671822614967823,0.00020114131907667107
903,0.12548797205090523,1.0728845000267029,0.067441675812006,0.00020089574113425074
904,0.13256483525037766,1.0393113791942596,0.0665845274925232,0.0002006500096776631
905,0.11902402962247531,1.0619356036186218,0.06706542521715164,0.0002004041254554487
906,0.11916422223051389,1.133432388305664,0.06854835525155067,0.0002001580892166136
907,0.14233747373024622,1.1152092814445496,0.067826047539711,0.0001999119017106268
908,0.11852777128418286,1.0841572284698486,0.06667707487940788,0.00019966556368741816
909,0.12027133007844289,1.0768940448760986,0.06565877795219421,0.000199419075897376
910,0.10752749939759572,1.0655040740966797,0.06624316796660423,0.0001991724390913449
911,0.11785741647084554,1.0797374248504639,0.06697987765073776,0.0001989256540206233
912,0.13308792188763618,1.1157164573669434,0.06799760833382607,0.0001986787214369614
913,0.10574034973978996,1.1022974848747253,0.06761982664465904,0.00019843164209255856
914,0.11618211617072423,1.0966474413871765,0.06730696558952332,0.00019818441674006144
915,0.11625278865297635,1.058036744594574,0.06573570519685745,0.00019793704613256126
916,0.10737551872928937,1.08588707447052,0.06692152470350266,0.0001976895310235918
917,0.11125572770833969,1.0968198776245117,0.06756069511175156,0.000197441872167127
918,0.11016215259830157,1.0747058391571045,0.06629544869065285,0.00019719407031757873
919,0.11032271261016528,1.0714852213859558,0.06616990640759468,0.00019694612622979437
920,0.09778715545932452,1.1098300218582153,0.06724841520190239,0.0001966980406590546
921,0.10294340923428535,1.1216803789138794,0.06806411221623421,0.00019644981436107116
922,0.12481289481123288,1.1304165720939636,0.06779348850250244,0.00019620144809198427
923,0.11198903247714043,1.135594666004181,0.0680304616689682,0.00019595294260836075
924,0.09853596612811089,1.1442704796791077,0.06893062219023705,0.00019570429866719142
925,0.1170567919810613,1.1403489112854004,0.0686352513730526,0.00019545551702588877
926,0.11340117578705151,1.135817289352417,0.06845658272504807,0.00019520659844228492
927,0.10662244632840157,1.1890647411346436,0.06959553435444832,0.00019495754367462897
928,0.09832843765616417,1.2052302956581116,0.0698118507862091,0.00019470835348158497
929,0.10115376239021619,1.1406116485595703,0.06827640160918236,0.00019445902862222939
930,0.12079051757852237,1.1632516384124756,0.06902609393000603,0.0001942095698560491
931,0.11710307498772939,1.075522541999817,0.06681834533810616,0.0001939599779429387
932,0.10318171481291454,1.0624390840530396,0.06648270785808563,0.00019371025364319847
933,0.11408855145176251,1.105970323085785,0.0672653503715992,0.00019346039771753193
934,0.11558929582436879,1.0732879936695099,0.06601962819695473,0.0001932104109270435
935,0.12256346642971039,1.0751290917396545,0.06639502942562103,0.00019296029403323642
936,0.1347939632833004,1.119598388671875,0.06731034442782402,0.00019271004779801
937,0.09466513618826866,1.1661183834075928,0.06811192259192467,0.00019245967298365776
938,0.11824675525228183,1.113722026348114,0.06695978716015816,0.00019220917035286475
939,0.11423735320568085,1.2478103041648865,0.06924698874354362,0.0001919585406687055
940,0.15722574045260748,1.1189932227134705,0.06739840283989906,0.00019170778469464132
941,0.1551748551428318,1.0921330451965332,0.06663535535335541,0.00019145690319451864
942,0.1369568668305874,1.1772626638412476,0.0690668374300003,0.00019120589693256583
943,0.14550163969397545,1.231227457523346,0.07041190564632416,0.00019095476667339156
944,0.13382204249501228,1.2186841368675232,0.06915385276079178,0.00019070351318198217
945,0.12635837495326996,1.145773708820343,0.0677790716290474,0.00019045213722369936
946,0.12608188018202782,1.2434258460998535,0.07067901268601418,0.00019020063956427788
947,0.1212184118727843,1.248587429523468,0.07073190063238144,0.00018994902096982323
948,0.11775849262873332,1.1899703741073608,0.06896744295954704,0.00018969728220680926
949,0.12927030647794405,1.2184274792671204,0.07000736892223358,0.00018944542404207592
950,0.11284200474619865,1.2322538495063782,0.07073673233389854,0.00018919344724282683
951,0.12296864887078603,1.1997441053390503,0.06945668533444405,0.00018894135257662705
952,0.1073995071152846,1.2616990208625793,0.07203080505132675,0.00018868914081140065
953,0.09850387771924336,1.257862389087677,0.07204249501228333,0.00018843681271542843
954,0.1115785042444865,1.2813591361045837,0.07177181914448738,0.0001881843690573455
955,0.10265328486760457,1.283518373966217,0.07143213599920273,0.00018793181060613898
956,0.10923584923148155,1.2673043608665466,0.07061252743005753,0.0001876791381311458
957,0.09734620402256648,1.254989743232727,0.07107732817530632,0.00018742635240205006
958,0.10843383893370628,1.2479608058929443,0.07063084840774536,0.00018717345418888095
959,0.10325925797224045,1.2274219989776611,0.07037019357085228,0.00018692044426201032
960,0.10214548309644063,1.2249772548675537,0.07058475911617279,0.00018666732339215028
961,0.1108524923523267,1.2400448322296143,0.0716499425470829,0.0001864140923503509
962,0.10486241678396861,1.2117253541946411,0.0707966685295105,0.0001861607519079978
963,0.10514941687385242,1.1934734582901,0.06993508711457253,0.00018590730283680998
964,0.11221574371059735,1.205186128616333,0.0700400099158287,0.00018565374590883717
965,0.11785089845458667,1.194839596748352,0.07038456201553345,0.00018540008189645783
966,0.11447315042217572,1.2114163637161255,0.0703529380261898,0.00018514631157237648
967,0.10790411879618962,1.1705482602119446,0.0693105086684227,0.0001848924357096216
968,0.09930065398414929,1.1443689465522766,0.06874625012278557,0.000184638455081543
969,0.11261186748743057,1.1687310934066772,0.06990620866417885,0.0001843843704618098
970,0.11434573928515117,1.2029186487197876,0.07017143070697784,0.0001841301826244078
971,0.09607211127877235,1.2093192338943481,0.0707859918475151,0.0001838758923436372
972,0.09759628027677536,1.212177574634552,0.07064522057771683,0.00018362150039411037
973,0.11148224025964737,1.2056062817573547,0.0708702951669693,0.00018336700755074918
974,0.09391348684827487,1.2413111329078674,0.07081346586346626,0.0001831124145887831
975,0.09328677008549373,1.2212437391281128,0.07078636437654495,0.00018285772228374635
976,0.08942288470764954,1.1847687363624573,0.07107459008693695,0.00018260293141147594
977,0.10477755218744278,1.1662489771842957,0.06988893449306488,0.000182348042748109
978,0.10617753490805626,1.172873318195343,0.06863545253872871,0.0001820930570700806
979,0.08853732608258724,1.143249750137329,0.06831621378660202,0.00018183797515412134
980,0.1101107361416022,1.1468148827552795,0.06854453682899475,0.00018158279777725497
981,0.08759011949102084,1.1483262181282043,0.06906527280807495,0.0001813275257167961
982,0.08960288763046265,1.18221777677536,0.06986624002456665,0.0001810721597503476
983,0.10346803193291028,1.182341992855072,0.0698290541768074,0.00018081670065579858
984,0.10290495430429776,1.1710737943649292,0.06953535228967667,0.0001805611492113217
985,0.10127308343847592,1.1566991806030273,0.06879134103655815,0.00018030550619537095
986,0.09610990310708682,1.158370852470398,0.06894661858677864,0.00018004977238667932
987,0.100453386704127,1.1557628512382507,0.06794201582670212,0.00017979394856425636
988,0.09242496266961098,1.1555039286613464,0.06804423406720161,0.00017953803550738577
989,0.10187689711650212,1.1611340641975403,0.06848367303609848,0.00017928203399562314
990,0.09089311212301254,1.1883522868156433,0.0692150890827179,0.00017902594480879343
991,0.10877978553374608,1.1392678618431091,0.06951845064759254,0.0001787697687269887
992,0.09575037534038226,1.0867380499839783,0.06765864416956902,0.00017851350653056583
993,0.11146715780099233,1.1238353252410889,0.06865618750452995,0.0001782571590001438
994,0.10003576179345448,1.0993502736091614,0.06872952356934547,0.00017800072691660164
995,0.11977793648838997,1.1501803994178772,0.07040439918637276,0.00017774421106107606
996,0.1219675342241923,1.2462085485458374,0.07378524541854858,0.0001774876122149587
997,0.10639739657441775,1.337920069694519,0.07569019868969917,0.0001772309311598942
998,0.09652923916776975,1.2244132161140442,0.07123562321066856,0.00017697416867777768
999,0.11236167202393214,1.1599984169006348,0.0693720355629921,0.00017671732555075203
1000,0.09212931121389072,1.181671679019928,0.07054907456040382,0.00017646040256120608
1001,0.09439276531338692,1.2117913365364075,0.07077567651867867,0.00017620340049177168
1002,0.1311414564649264,1.3074371814727783,0.07421516999602318,0.00017594632012532183
1003,0.14387140423059464,1.101404845714569,0.06888829171657562,0.00017568916224496787
1004,0.18855702256162962,1.0832945108413696,0.06689123436808586,0.00017543192763405725
1005,0.19561574359734854,1.1833282709121704,0.06892141327261925,0.00017517461707617128
1006,0.16608396420876184,1.381637990474701,0.07374587282538414,0.0001749172313551225
1007,0.14241390054424605,1.4304327368736267,0.07589615508913994,0.00017465977125495248
1008,0.13977677499254546,1.339885950088501,0.07364090532064438,0.0001744022375599293
1009,0.13845529531439146,1.2825097441673279,0.07098516076803207,0.00017414463105454528
1010,0.14567188546061516,1.3163321018218994,0.07146039605140686,0.00017388695252351449
1011,0.1286432035267353,1.2969565391540527,0.07082698121666908,0.0001736292027517705
1012,0.12046655391653378,1.2246072888374329,0.06909580901265144,0.00017337138252446367
1013,0.12674319371581078,1.2075380682945251,0.0704314112663269,0.00017311349262695927
1014,0.109182125578324,1.2161840200424194,0.07102625444531441,0.00017285553384483457
1015,0.10405693079034488,1.2289007902145386,0.07067814096808434,0.0001725975069638768
1016,0.11024270951747894,1.213891863822937,0.07019896060228348,0.00017233941277008052
1017,0.11560654391845067,1.1856640577316284,0.06995020434260368,0.00017208125204964546
1018,0.11697245140870412,1.2103818655014038,0.07069601863622665,0.00017182302558897399
1019,0.1054094893236955,1.2234857082366943,0.07101533561944962,0.00017156473417466857
1020,0.10560749222834905,1.1709409356117249,0.06916511431336403,0.00017130637859352974
1021,0.11130114396413167,1.1153112649917603,0.06802590191364288,0.00017104795963255337
1022,0.10209640115499496,1.0965557098388672,0.06808412075042725,0.0001707894780789285
1023,0.11521664261817932,1.1410910487174988,0.06904491409659386,0.00017053093472003464
1024,0.09784568722049396,1.2038986086845398,0.07068584114313126,0.0001702723303434398
1025,0.10039428373177846,1.2171000838279724,0.07145963609218597,0.0001700136657368977
1026,0.09651924421389897,1.1961332559585571,0.06978904828429222,0.00016975494168834562
1027,0.09136247138182323,1.15362948179245,0.06858978420495987,0.00016949615898590185
1028,0.09105898191531499,1.1474971771240234,0.0686432458460331,0.00016923731841786345
1029,0.10110796242952347,1.1576403379440308,0.06859777867794037,0.00016897842077270362
1030,0.10795741776625316,1.1284866333007812,0.06734912469983101,0.0001687194668390695
1031,0.09122409671545029,1.1382082104682922,0.06820545345544815,0.0001684604574057797
1032,0.08366136749585469,1.179487407207489,0.06967656314373016,0.0001682013932618219
1033,0.1210337479909261,1.144703447818756,0.06869616732001305,0.00016794227519635027
1034,0.09970046207308769,1.1247209906578064,0.06827084720134735,0.00016768310399868354
1035,0.088876078526179,1.1373882293701172,0.06811900436878204,0.00016742388045830204
1036,0.10045869648456573,1.1858909726142883,0.06862350925803185,0.0001671646053648456
1037,0.13120207438866296,1.2419350147247314,0.07054149359464645,0.00016690527950811122
1038,0.1270724261800448,1.223858654499054,0.07053066790103912,0.00016664590367805037
1039,0.1155489981174469,1.1719354391098022,0.07095141336321831,0.00016638647866476684
1040,0.106241791198651,1.1488194465637207,0.0706283338367939,0.00016612700525851418
1041,0.10575756182273229,1.1998122334480286,0.07093174010515213,0.00016586748424969337
1042,0.09859034543236096,1.2207123041152954,0.07024171203374863,0.00016560791642885044
1043,0.10903579245011012,1.170380175113678,0.06899290159344673,0.000165348302586674
1044,0.08906905787686507,1.1911463141441345,0.06939295679330826,0.00016508864351399283
1045,0.10554470494389534,1.1501470804214478,0.06845555081963539,0.00016482894000177347
1046,0.09990065296490987,1.1611400842666626,0.06888968497514725,0.0001645691928411179
1047,0.09375274057189624,1.1441393494606018,0.06981432065367699,0.00016430940282326093
1048,0.11109980195760727,1.2043756246566772,0.07052910327911377,0.00016404957073956812
1049,0.11974826579292615,1.1450389623641968,0.06819592416286469,0.000163789697381533
1050,0.0945073664188385,1.1580693125724792,0.06881498917937279,0.0001635297835407749
1051,0.10809968536098798,1.1990198493003845,0.071939367800951,0.00016326983000903642
1052,0.10835477833946545,1.232348382472992,0.07222064957022667,0.00016300983757818117
1053,0.1066742017865181,1.2316679954528809,0.07067950069904327,0.00016274980704019111
1054,0.09206794823209445,1.2484768629074097,0.07043459638953209,0.00016248973918716437
1055,0.09636042515436809,1.1806412935256958,0.06866859272122383,0.0001622296348113128
1056,0.09819294636448224,1.1723350286483765,0.06800099462270737,0.00016196949470495935
1057,0.10055225218335788,1.1609100699424744,0.06752391159534454,0.00016170931966053598
1058,0.10281747207045555,1.1397590637207031,0.06675376370549202,0.0001614491104705809
1059,0.09790844718615214,1.2228687405586243,0.07012352347373962,0.0001611888679277365
1060,0.09547012796004613,1.2487044930458069,0.07136701419949532,0.0001609285928247467
1061,0.09801043942570686,1.2234346270561218,0.07032680884003639,0.00016066828595445457
1062,0.1213997242351373,1.1616529822349548,0.06869936734437943,0.00016040794810980003
1063,0.09339551627635956,1.0808606445789337,0.06639834120869637,0.0001601475800838172
1064,0.12659213691949844,1.0628868341445923,0.06579246558248997,0.00015988718266963235
1065,0.09970248738924663,1.0789447128772736,0.06646885350346565,0.0001596267566604611
1066,0.10142313688993454,1.0759325325489044,0.0662698969244957,0.00015936630284960627
1067,0.09131062651673953,1.0830723941326141,0.06650019064545631,0.0001591058220304553
1068,0.09925140192111333,1.099848449230194,0.06716465204954147,0.00015884531499647797
1069,0.08432098105549812,1.1211268901824951,0.06716563925147057,0.00015858478254122393
1070,0.09824490671356519,1.1211117506027222,0.06728752329945564,0.0001583242254583201
1071,0.09568378205100696,1.1016994714736938,0.06666251830756664,0.00015806364454146863
1072,0.09847603489955266,1.0901817083358765,0.06643482856452465,0.00015780304058444418
1073,0.1072753295302391,1.08627587556839,0.0670970268547535,0.00015754241438109155
1074,0.11840597167611122,1.07704359292984,0.0685073770582676,0.0001572817667253234
1075,0.09697963545719783,1.0340237617492676,0.06525594741106033,0.00015702109841111771
1076,0.11206863075494766,1.0468113422393799,0.06595890782773495,0.0001567604102325153
1077,0.09555397431055705,1.101180076599121,0.06746569648385048,0.00015649970298361765
1078,0.10846468061208725,1.1477155685424805,0.06915422901511192,0.0001562389774585842
1079,0.1053990696867307,1.126022219657898,0.06872455403208733,0.00015597823445163015
1080,0.09824138383070628,1.1079744696617126,0.06790529936552048,0.00015571747475702388
1081,0.10788667450348537,1.0899050831794739,0.06740289181470871,0.00015545669916908463
1082,0.08797618001699448,1.1024011969566345,0.06737783551216125,0.00015519590848218014
1083,0.11623505999644597,1.0793908834457397,0.06724657490849495,0.00015493510349072403
1084,0.0884057953953743,1.063199371099472,0.06691262871026993,0.00015467428498917353
1085,0.08635271588961284,1.0951842665672302,0.06745929643511772,0.00015441345377202703
1086,0.08578122407197952,1.1110113859176636,0.06815030425786972,0.00015415261063382165
1087,0.08431041985750198,1.1261650323867798,0.0682169608771801,0.00015389175636913081
1088,0.07904692118366559,1.1179608702659607,0.06795123964548111,0.00015363089177256183
1089,0.09302644431591034,1.1217071413993835,0.06836503744125366,0.0001533700176387536
1090,0.09272429471214612,1.1000277996063232,0.0676441341638565,0.00015310913476237388
1091,0.12135347351431847,1.1425458192825317,0.06888539716601372,0.00015284824393811718
1092,0.0798114687204361,1.1834745407104492,0.06994401663541794,0.0001525873459607022
1093,0.09692714860041936,1.1687745451927185,0.06908736377954483,0.00015232644162486942
1094,0.09703191245595615,1.1567155718803406,0.06921220198273659,0.00015206553172537874
1095,0.10682129984100659,1.1344158053398132,0.0686899982392788,0.00015180461705700688
1096,0.10880208884676297,1.1299861669540405,0.06842084974050522,0.00015154369841454521
1097,0.09665994346141815,1.0870075225830078,0.0665010679513216,0.00015128277659279718
1098,0.09927263607581456,1.0687177181243896,0.06632895395159721,0.00015102185238657592
1099,0.0882964829603831,1.0660764575004578,0.0657060332596302,0.00015076092659070176
1100,0.08024825652440389,1.0901983678340912,0.06660290062427521,0.00015049999999999997
1101,0.08481225619713466,1.0976441204547882,0.06697424873709679,0.0001502390734092982
1102,0.07589176669716835,1.0908427834510803,0.06675102189183235,0.00014997814761342408
1103,0.08662901570399602,1.08393394947052,0.06642888113856316,0.00014971722340720273
1104,0.0860283908744653,1.1176883578300476,0.06747164204716682,0.00014945630158545473
1105,0.08186917379498482,1.1411726474761963,0.06818949803709984,0.0001491953829429931
1106,0.09218289951483409,1.156740128993988,0.0690571628510952,0.00014893446827462126
1107,0.09204951177040736,1.113418161869049,0.0680123008787632,0.00014867355837513052
1108,0.08073561390240987,1.11403489112854,0.06784163415431976,0.00014841265403929777
1109,0.07869509607553482,1.1168067455291748,0.0681692510843277,0.00014815175606188282
1110,0.0805895800391833,1.115404486656189,0.06843183562159538,0.0001478908652376261
1111,0.09369807690382004,1.1191880702972412,0.06826945021748543,0.0001476299823612464
1112,0.08271644016106923,1.1854596138000488,0.06988760828971863,0.0001473691082274381
1113,0.09481532375017802,1.194536805152893,0.06984031200408936,0.00014710824363086916
1114,0.08685034203032653,1.1698305010795593,0.0692746527493,0.00014684738936617835
1115,0.10549064849813779,1.1458244323730469,0.06832368299365044,0.00014658654622797296
1116,0.08187643873194854,1.1493942141532898,0.06839806959033012,0.00014632571501082644
1117,0.08365028848250707,1.1086909770965576,0.067266546189785,0.0001460648965092759
1118,0.08045785625775655,1.1099727153778076,0.0668165534734726,0.0001458040915178198
1119,0.08042395735780399,1.1641796827316284,0.069000743329525,0.0001455433008309153
1120,0.0803761426359415,1.1562731862068176,0.06991236284375191,0.00014528252524297612
1121,0.08378243694702785,1.128380000591278,0.0692908801138401,0.0001450217655483698
1122,0.07921772636473179,1.1167131662368774,0.06763485074043274,0.00014476102254141573
1123,0.09090168898304303,1.0718933939933777,0.06620032340288162,0.00014450029701638232
1124,0.07819731409351031,1.0631467998027802,0.06622955203056335,0.00014423958976748466
1125,0.0851268582046032,1.0876731872558594,0.06706230342388153,0.00014397890158888226
1126,0.08175358424584071,1.1272966861724854,0.0685080997645855,0.00014371823327467655
